Coin,ma,ema,bb,obv,rsi,stoch,trix,macd,sar,ichimoku
bitcoin,{'value': 36398.37200000002},{'value': 36100.60193066164},"{'valueUpperBand': 37550.76308778926, 'valueMiddleBand': 36158.368, 'valueLowerBand': 34765.972912210746}",{'value': 191703.36088199995},{'value': 40.8320289340884},"{'valueSlowK': 55.22497569012781, 'valueSlowD': 53.87707486623049}",{'value': 0.00635673325870556},"{'valueMACD': -330.6536623018692, 'valueMACDSignal': -243.19567733998858, 'valueMACDHist': -87.45798496188061}",{'value': 36137.75464287491},"{'conversion': 35576.155, 'base': 36293.5, 'spanA': 35934.8275, 'spanB': 36293.5, 'currentSpanA': 36456.13250000001, 'currentSpanB': 35659.915, 'laggingSpanA': 35550.625, 'laggingSpanB': 35900}"
ethereum,{'value': 1377.859333333335},{'value': 1357.8816082572837},"{'valueUpperBand': 1433.1856120115015, 'valueMiddleBand': 1381.6105000000002, 'valueLowerBand': 1330.035387988499}",{'value': 3865243.019499995},{'value': 47.916261125276954},"{'valueSlowK': 47.67227286675459, 'valueSlowD': 50.50112075594717}",{'value': 0.22681431144759845},"{'valueMACD': 4.087524442575386, 'valueMACDSignal': 12.892458831144868, 'valueMACDHist': -8.804934388569482}",{'value': 1403.503684668334},"{'conversion': 1362.0900000000001, 'base': 1377.275, 'spanA': 1369.575, 'spanB': 1316.9299999999998, 'currentSpanA': 1296.9724999999999, 'currentSpanB': 1272.3200000000002, 'laggingSpanA': 1221.405, 'laggingSpanB': 1224.885}"
polkadot-new,{'value': 16.51157999999998},{'value': 16.33365668958015},"{'valueUpperBand': 17.074531167863157, 'valueMiddleBand': 16.263520000000014, 'valueLowerBand': 15.452508832136873}",{'value': 8655291.770000014},{'value': 38.25146286528129},"{'valueSlowK': 49.70530183048464, 'valueSlowD': 51.25599840197747}",{'value': -0.04097567540355396},"{'valueMACD': -0.2808077633101931, 'valueMACDSignal': -0.22424268090209043, 'valueMACDHist': -0.05656508240810265}",{'value': 16.272389754972952},"{'conversion': 15.93985, 'base': 16.40185, 'spanA': 16.15435, 'spanB': 16.63295, 'currentSpanA': 16.724975, 'currentSpanB': 16.98385, 'laggingSpanA': 17.392175, 'laggingSpanB': 16.717299999999998}"
xrp,{'value': 0.2999773333333333},{'value': 0.2951642608028277},"{'valueUpperBand': 0.3094344609332646, 'valueMiddleBand': 0.29724700000000004, 'valueLowerBand': 0.2850595390667355}",{'value': 952860362.7999992},{'value': 48.88913895274947},"{'valueSlowK': 42.64549452231507, 'valueSlowD': 47.49124056485139}",{'value': 0.10901092468180718},"{'valueMACD': -0.000868386973780555, 'valueMACDSignal': -0.00026100908108744403, 'valueMACDHist': -0.0006073778926931109}",{'value': 0.283613844},"{'conversion': 0.297145, 'base': 0.29754, 'spanA': 0.297145, 'spanB': 0.30158, 'currentSpanA': 0.3038175, 'currentSpanB': 0.29923, 'laggingSpanA': 0.27598, 'laggingSpanB': 0.28256}"
cardano,{'value': 0.3687953333333328},{'value': 0.3665350577527516},"{'valueUpperBand': 0.3828536537379896, 'valueMiddleBand': 0.36736700000000005, 'valueLowerBand': 0.35188034626201053}",{'value': 2449872013.640002},{'value': 39.38719063176658},"{'valueSlowK': 38.37547532958133, 'valueSlowD': 44.84985444691316}",{'value': 0.023276772716984695},"{'valueMACD': -0.003954608627685319, 'valueMACDSignal': -0.002478243516126718, 'valueMACDHist': -0.0014763651115586008}",{'value': 0.37186047558801427},"{'conversion': 0.36144, 'base': 0.36941500000000005, 'spanA': 0.3654075, 'spanB': 0.36941500000000005, 'currentSpanA': 0.3708825, 'currentSpanB': 0.373175, 'laggingSpanA': 0.3776275, 'laggingSpanB': 0.349645}"
litecoin,{'value': 156.7723333333333},{'value': 153.69015955934364},"{'valueUpperBand': 163.21067652006218, 'valueMiddleBand': 154.7590000000002, 'valueLowerBand': 146.30732347993825}",{'value': 1764011.7514699972},{'value': 41.35510126511571},"{'valueSlowK': 33.74731963336418, 'valueSlowD': 41.360957313708866}",{'value': 0.13201451262365715},"{'valueMACD': -1.666605656686869, 'valueMACDSignal': -0.7842536380944164, 'valueMACDHist': -0.8823520185924526}",{'value': 153.65},"{'conversion': 151.74, 'base': 156.675, 'spanA': 154.2075, 'spanB': 152.68, 'currentSpanA': 154.5525, 'currentSpanB': 150.61, 'laggingSpanA': 141.47, 'laggingSpanB': 144.405}"
bitcoin-cash,{'value': 517.8340000000005},{'value': 509.92653040824706},"{'valueUpperBand': 542.114237927179, 'valueMiddleBand': 514.5704999999998, 'valueLowerBand': 487.02676207282065}",{'value': 319353.2553900002},{'value': 40.89547653870008},"{'valueSlowK': 39.05504089894036, 'valueSlowD': 44.85010882773812}",{'value': 0.10687801410591558},"{'valueMACD': -4.373936834081974, 'valueMACDSignal': -1.626365108445377, 'valueMACDHist': -2.747571725636597}",{'value': 512.1427613233058},"{'conversion': 504.995, 'base': 522.55, 'spanA': 513.4975, 'spanB': 512.8050000000001, 'currentSpanA': 506.46000000000004, 'currentSpanB': 495.265, 'laggingSpanA': 478.1625, 'laggingSpanB': 488.5}"
chainlink,{'value': 21.27118666666669},{'value': 21.088972953902122},"{'valueUpperBand': 21.87140595289336, 'valueMiddleBand': 20.950685000000007, 'valueLowerBand': 20.029964047106652}",{'value': 15766578.239999998},{'value': 39.70994843972665},"{'valueSlowK': 50.22022928724755, 'valueSlowD': 57.45356057740795}",{'value': -0.03367144854941051},"{'valueMACD': -0.31071985197542773, 'valueMACDSignal': -0.2866272423425551, 'valueMACDHist': -0.02409260963287263}",{'value': 20.00234812},"{'conversion': 20.5497, 'base': 21.407600000000002, 'spanA': 20.978650000000002, 'spanB': 21.409399999999998, 'currentSpanA': 21.838525, 'currentSpanB': 21.70275, 'laggingSpanA': 22.212575, 'laggingSpanB': 21.56995}"
binance-coin,{'value': 43.60791333333337},{'value': 43.11141794206465},"{'valueUpperBand': 44.324608120918, 'valueMiddleBand': 42.599059999999994, 'valueLowerBand': 40.87351187908199}",{'value': 4461052.832999995},{'value': 37.94535805587386},"{'valueSlowK': 47.989496042915285, 'valueSlowD': 55.69714890903672}",{'value': -0.04127825617724623},"{'valueMACD': -0.746446786029054, 'valueMACDSignal': -0.728027033823434, 'valueMACDHist': -0.018419752205619977}",{'value': 41.07183936},"{'conversion': 42.0546, 'base': 44.11435, 'spanA': 42.984675, 'spanB': 44.11435, 'currentSpanA': 45.227850000000004, 'currentSpanB': 43.903999999999996, 'laggingSpanA': 44.868625, 'laggingSpanB': 43.7569}"
stellar,{'value': 0.30295766666666657},{'value': 0.29922336855303067},"{'valueUpperBand': 0.31440169123880757, 'valueMiddleBand': 0.2995954999999998, 'valueLowerBand': 0.284789308761192}",{'value': 1555317519.089999},{'value': 37.93944215689808},"{'valueSlowK': 36.43932675494698, 'valueSlowD': 42.47591456395256}",{'value': 0.012083046437560974},"{'valueMACD': -0.0039034092110773466, 'valueMACDSignal': -0.002706301376770582, 'valueMACDHist': -0.0011971078343067645}",{'value': 0.3015706551676118},"{'conversion': 0.293595, 'base': 0.302605, 'spanA': 0.29810000000000003, 'spanB': 0.302605, 'currentSpanA': 0.3075025, 'currentSpanB': 0.30291999999999997, 'laggingSpanA': 0.30095249999999996, 'laggingSpanB': 0.29810000000000003}"
usd-coin,{'value': 0.9992766666666663},{'value': 0.9995072167083128},"{'valueUpperBand': 1.0002206246859255, 'valueMiddleBand': 0.9995800000000014, 'valueLowerBand': 0.9989393753140772}",{'value': -178917040.57000005},{'value': 58.610634901018045},"{'valueSlowK': 69.44444444444727, 'valueSlowD': 54.07407407407728}",{'value': -0.0009777549008660458},"{'valueMACD': 9.565060563387906e-05, 'valueMACDSignal': 6.523864981922926e-05, 'valueMACDHist': 3.0411955814649803e-05}",{'value': 0.9989},"{'conversion': 0.9995, 'base': 0.9991, 'spanA': 0.9993000000000001, 'spanB': 0.9994, 'currentSpanA': 0.9992, 'currentSpanB': 0.9996, 'laggingSpanA': 1.0000749999999998, 'laggingSpanB': 1.0026000000000002}"
monero,{'value': 156.39266666666668},{'value': 155.85134360320333},"{'valueUpperBand': 164.48746232488662, 'valueMiddleBand': 157.23799999999997, 'valueLowerBand': 149.98853767511332}",{'value': -261863.10635000007},{'value': 37.57254285666659},"{'valueSlowK': 35.52700049797518, 'valueSlowD': 36.572273372459826}",{'value': 0.014042405090464172},"{'valueMACD': -1.1387404564686108, 'valueMACDSignal': -0.19796529856520975, 'valueMACDHist': -0.940775157903401}",{'value': 159.36374951794198},"{'conversion': 155.925, 'base': 157.945, 'spanA': 156.62, 'spanB': 157.81, 'currentSpanA': 154.225, 'currentSpanB': 157.13, 'laggingSpanA': 157.765, 'laggingSpanB': 157.13}"
eos,{'value': 2.831813333333334},{'value': 2.804755814997846},"{'valueUpperBand': 2.9129527893609404, 'valueMiddleBand': 2.8125700000000036, 'valueLowerBand': 2.7121872106390668}",{'value': -985976.2799999855},{'value': 39.287286462004886},"{'valueSlowK': 53.85493403089702, 'valueSlowD': 54.85925413823071}",{'value': 0.0332955766984},"{'valueMACD': -0.020864289119089996, 'valueMACDSignal': -0.013106370511407525, 'valueMACDHist': -0.007757918607682471}",{'value': 2.805761934305896},"{'conversion': 2.7717, 'base': 2.8236, 'spanA': 2.79765, 'spanB': 2.8202, 'currentSpanA': 2.826225, 'currentSpanB': 2.7927, 'laggingSpanA': 2.747375, 'laggingSpanB': 2.78235}"
uniswap,{'value': 8.868183333333322},{'value': 8.753301313022282},"{'valueUpperBand': 9.278641294459767, 'valueMiddleBand': 8.71748, 'valueLowerBand': 8.156318705540233}",{'value': 20978545.53999999},{'value': 35.62378004529626},"{'valueSlowK': 18.868161067826843, 'valueSlowD': 23.218731656600383}",{'value': 0.03781562395086535},"{'valueMACD': -0.19389876309916865, 'valueMACDSignal': -0.14277594827590417, 'valueMACDHist': -0.05112281482326447}",{'value': 8.66437562943019},"{'conversion': 8.5952, 'base': 8.8726, 'spanA': 8.642949999999999, 'spanB': 9.0325, 'currentSpanA': 9.34545, 'currentSpanB': 8.9836, 'laggingSpanA': 8.642325, 'laggingSpanB': 8.28535}"
aave,{'value': 196.28040000000007},{'value': 193.3873900613395},"{'valueUpperBand': 203.00459676935273, 'valueMiddleBand': 192.70789999999997, 'valueLowerBand': 182.4112032306472}",{'value': 627401.3370000002},{'value': 40.070247033480264},"{'valueSlowK': 47.170790291332544, 'valueSlowD': 57.82993270461699}",{'value': 0.07213932686116475},"{'valueMACD': -2.191637383853532, 'valueMACDSignal': -1.5164381092429702, 'valueMACDHist': -0.675199274610562}",{'value': 194.297},"{'conversion': 190.7535, 'base': 195.888, 'spanA': 193.26425, 'spanB': 195.99, 'currentSpanA': 198.6165, 'currentSpanB': 192.778, 'laggingSpanA': 188.3775, 'laggingSpanB': 187.999}"
tron,{'value': 0.03119433333333329},{'value': 0.030930736703444033},"{'valueUpperBand': 0.031767380805693794, 'valueMiddleBand': 0.03090749999999999, 'valueLowerBand': 0.030047619194306187}",{'value': 138594962.60000086},{'value': 38.59850365071388},"{'valueSlowK': 26.985674114607193, 'valueSlowD': 28.846798340657642}",{'value': 0.03375926254107764},"{'valueMACD': -0.00025370273969521975, 'valueMACDSignal': -0.00017836813393665255, 'valueMACDHist': -7.53346057585672e-05}",{'value': 0.031098437597629997},"{'conversion': 0.030805, 'base': 0.03136, 'spanA': 0.0309525, 'spanB': 0.03121, 'currentSpanA': 0.03136, 'currentSpanB': 0.03071, 'laggingSpanA': 0.02997, 'laggingSpanB': 0.03021}"
tezos,{'value': 2.9702500000000005},{'value': 2.936706837395949},"{'valueUpperBand': 3.1107277254026062, 'valueMiddleBand': 2.936165000000002, 'valueLowerBand': 2.761602274597398}",{'value': 9903201.340000007},{'value': 39.72794619713069},"{'valueSlowK': 58.252742829963076, 'valueSlowD': 62.32274637783562}",{'value': 0.01853987878372987},"{'valueMACD': -0.04350923840471621, 'valueMACDSignal': -0.03462542162030648, 'valueMACDHist': -0.008883816784409727}",{'value': 2.9177},"{'conversion': 2.8514, 'base': 2.98895, 'spanA': 2.919875, 'spanB': 2.98895, 'currentSpanA': 2.99305, 'currentSpanB': 2.90075, 'laggingSpanA': 2.9326499999999998, 'laggingSpanB': 2.9335500000000003}"
nem,{'value': 0.24270333333333302},{'value': 0.23936262995764546},"{'valueUpperBand': 0.26094176013640885, 'valueMiddleBand': 0.24370499999999998, 'valueLowerBand': 0.2264682398635911}",{'value': -3427078.5900000087},{'value': 37.14264022175106},"{'valueSlowK': 30.83908045977007, 'valueSlowD': 38.49033603209404}",{'value': 0.16627764861807393},"{'valueMACD': -0.00242332731104844, 'valueMACDSignal': 7.919288093911393e-05, 'valueMACDHist': -0.0025025201919875537}",{'value': 0.2484145594396795},"{'conversion': 0.2373, 'base': 0.24215, 'spanA': 0.23959999999999998, 'spanB': 0.23935, 'currentSpanA': 0.238375, 'currentSpanB': 0.23125, 'laggingSpanA': 0.2222, 'laggingSpanB': 0.22185}"
vechain,{'value': 0.03006703333333334},{'value': 0.030284983663028543},"{'valueUpperBand': 0.032705808916945564, 'valueMiddleBand': 0.030221350000000025, 'valueLowerBand': 0.027736891083054487}",{'value': -1003431630.9000001},{'value': 57.326476175403954},"{'valueSlowK': 66.70627139450781, 'valueSlowD': 76.87026738505357}",{'value': 0.16193385061238352},"{'valueMACD': 0.0006947790295470033, 'valueMACDSignal': 0.00041318890042625573, 'valueMACDHist': 0.00028159012912074753}",{'value': 0.02975113206171018},"{'conversion': 0.031155000000000002, 'base': 0.030905500000000002, 'spanA': 0.031030250000000002, 'spanB': 0.030212, 'currentSpanA': 0.029776499999999997, 'currentSpanB': 0.028339499999999997, 'laggingSpanA': 0.02678775, 'laggingSpanB': 0.026980499999999998}"
theta,{'value': 2.0350946666666667},{'value': 2.0190235287731793},"{'valueUpperBand': 2.088298075642263, 'valueMiddleBand': 2.0189535000000003, 'valueLowerBand': 1.9496089243577375}",{'value': 40057451},{'value': 38.04910881398789},"{'valueSlowK': 61.30682722384978, 'valueSlowD': 69.50789956320132}",{'value': -0.010780248834052486},"{'valueMACD': -0.015644220759230887, 'valueMACDSignal': -0.011724846749973646, 'valueMACDHist': -0.003919374009257241}",{'value': 2.02629},"{'conversion': 1.9910999999999999, 'base': 2.02305, 'spanA': 2.004025, 'spanB': 2.02305, 'currentSpanA': 2.032375, 'currentSpanB': 2.011975, 'laggingSpanA': 2.011955, 'laggingSpanB': 2.106975}"
cosmos,{'value': 9.200733333333329},{'value': 9.131867209763907},"{'valueUpperBand': 9.51957853931246, 'valueMiddleBand': 9.112099999999996, 'valueLowerBand': 8.704621460687532}",{'value': 5654712.251999995},{'value': 38.72923990693448},"{'valueSlowK': 32.9078787288065, 'valueSlowD': 32.65280310690275}",{'value': 0.0922304089722159},"{'valueMACD': -0.09964829830539301, 'valueMACDSignal': -0.050799390612184914, 'valueMACDHist': -0.0488489076932081}",{'value': 9.39269848816},"{'conversion': 9.0895, 'base': 9.1625, 'spanA': 9.01775, 'spanB': 9.3425, 'currentSpanA': 9.552, 'currentSpanB': 9.1045, 'laggingSpanA': 8.844, 'laggingSpanB': 8.5685}"
neo,{'value': 26.629933333333327},{'value': 26.27773651293786},"{'valueUpperBand': 28.128875172939527, 'valueMiddleBand': 26.439350000000008, 'valueLowerBand': 24.74982482706049}",{'value': 1736533.7190000005},{'value': 37.5219111370223},"{'valueSlowK': 51.38272889982492, 'valueSlowD': 55.47636420979861}",{'value': 0.14865062120128503},"{'valueMACD': -0.37768279187537956, 'valueMACDSignal': -0.2166274137197825, 'valueMACDHist': -0.16105537815559706}",{'value': 26.462046949092507},"{'conversion': 25.7905, 'base': 26.8145, 'spanA': 26.233249999999998, 'spanB': 26.287999999999997, 'currentSpanA': 26.636, 'currentSpanB': 25.2765, 'laggingSpanA': 23.661749999999998, 'laggingSpanB': 23.451999999999998}"
synthetix-network-token,{'value': 15.604933333333346},{'value': 15.416336820472583},"{'valueUpperBand': 16.57911583943538, 'valueMiddleBand': 15.507100000000007, 'valueLowerBand': 14.435084160564633}",{'value': 1487622.4290000012},{'value': 38.71937376408973},"{'valueSlowK': 51.63439489871297, 'valueSlowD': 57.164256592909624}",{'value': 0.01394226267847909},"{'valueMACD': -0.21813081848980076, 'valueMACDSignal': -0.13506282154379623, 'valueMACDHist': -0.08306799694600453}",{'value': 15.361},"{'conversion': 15.085, 'base': 15.6915, 'spanA': 15.344, 'spanB': 15.651499999999999, 'currentSpanA': 15.693, 'currentSpanB': 15.354, 'laggingSpanA': 15.39875, 'laggingSpanB': 15.782499999999999}"
maker,{'value': 1434.0133333333338},{'value': 1411.4356387012078},"{'valueUpperBand': 1499.56182857606, 'valueMiddleBand': 1410.9249999999981, 'valueLowerBand': 1322.2881714239363}",{'value': 16106.039689999989},{'value': 28.89820610504332},"{'valueSlowK': 9.162341380967693, 'valueSlowD': 14.78098247057855}",{'value': -0.04583851035554476},"{'valueMACD': -28.49100107834738, 'valueMACDSignal': -17.09424148358385, 'valueMACDHist': -11.39675959476353}",{'value': 1406.4236797272895},"{'conversion': 1374.315, 'base': 1422.46, 'spanA': 1396.8125, 'spanB': 1422.46, 'currentSpanA': 1441.3225, 'currentSpanB': 1430.525, 'laggingSpanA': 1431.9575, 'laggingSpanB': 1499.79}"
dash,{'value': 126.62933333333338},{'value': 124.29161214608335},"{'valueUpperBand': 134.20871338345492, 'valueMiddleBand': 124.28750000000001, 'valueLowerBand': 114.36628661654511}",{'value': -34359.19104999998},{'value': 26.57846453605895},"{'valueSlowK': 4.554888569534851, 'valueSlowD': 12.073407143508511}",{'value': 0.0018746321401641453},"{'valueMACD': -3.2470659873184076, 'valueMACDSignal': -2.0162572418663167, 'valueMACDHist': -1.2308087454520908}",{'value': 124.73628795175698},"{'conversion': 120.81, 'base': 124.5, 'spanA': 121.79499999999999, 'spanB': 123.91499999999999, 'currentSpanA': 128.84500000000003, 'currentSpanB': 126.775, 'laggingSpanA': 123.4075, 'laggingSpanB': 126.215}"
dogecoin,{'value': 0.009140636666666667},{'value': 0.009072059491910183},"{'valueUpperBand': 0.009244819438660436, 'valueMiddleBand': 0.00904518500000001, 'valueLowerBand': 0.008845550561339583}",{'value': 31378425691},{'value': 36.21450399987948},"{'valueSlowK': 23.887835812608518, 'valueSlowD': 46.8496161064403}",{'value': -0.012884604323037951},"{'valueMACD': -7.447875028640007e-05, 'valueMACDSignal': -5.289313610931972e-05, 'valueMACDHist': -2.1585614177080346e-05}",{'value': 0.00913445002080725},"{'conversion': 0.00896655, 'base': 0.009182, 'spanA': 0.009074275, 'spanB': 0.0092328, 'currentSpanA': 0.009353625, 'currentSpanB': 0.00922735, 'laggingSpanA': 0.0090763, 'laggingSpanB': 0.00917325}"
binance-usd,{'value': 0.9993633333333343},{'value': 0.999547052120306},"{'valueUpperBand': 1.0001128385640408, 'valueMiddleBand': 0.9996049999999992, 'valueLowerBand': 0.9990971614359575}",{'value': -149814622.84000084},{'value': 60.314348062715396},"{'valueSlowK': 94.44444444444552, 'valueSlowD': 75.3968253968281}",{'value': -0.0008957980683232947},"{'valueMACD': 0.00011169253113652022, 'valueMACDSignal': 5.870477735910009e-05, 'valueMACDHist': 5.298775377742013e-05}",{'value': 0.999216},"{'conversion': 0.9996, 'base': 0.99915, 'spanA': 0.9995499999999999, 'spanB': 0.99935, 'currentSpanA': 0.99915, 'currentSpanB': 0.9994, 'laggingSpanA': 1.000175, 'laggingSpanB': 1.0000499999999999}"
zcash,{'value': 103.94766666666666},{'value': 102.53015485406239},"{'valueUpperBand': 111.08606402761016, 'valueMiddleBand': 103.19099999999992, 'valueLowerBand': 95.29593597238967}",{'value': 586038.9199900001},{'value': 35.61375001689779},"{'valueSlowK': 40.414452417062904, 'valueSlowD': 48.99687372999776}",{'value': -0.006187661038092873},"{'valueMACD': -1.7858282789942876, 'valueMACDSignal': -1.1675703091492917, 'valueMACDHist': -0.6182579698449959}",{'value': 101.54670723049514},"{'conversion': 100.33500000000001, 'base': 105.07, 'spanA': 101.9775, 'spanB': 104.64500000000001, 'currentSpanA': 104.525, 'currentSpanB': 102.83500000000001, 'laggingSpanA': 102.78, 'laggingSpanB': 106.00999999999999}"
yearn-finance,{'value': 35600.21966666668},{'value': 35252.16620244103},"{'valueUpperBand': 36552.741853813, 'valueMiddleBand': 34817.67750000001, 'valueLowerBand': 33082.613146187025}",{'value': 3884.130197000005},{'value': 36.4490830384103},"{'valueSlowK': 31.034092749158415, 'valueSlowD': 44.265959674649764}",{'value': -0.03193315992627843},"{'valueMACD': -784.1326971220915, 'valueMACDSignal': -692.7881955043024, 'valueMACDHist': -91.34450161778909}",{'value': 35466.66527073753},"{'conversion': 34255.325, 'base': 35596.25, 'spanA': 34770.7475, 'spanB': 36559.525, 'currentSpanA': 38050.677500000005, 'currentSpanB': 36321.42, 'laggingSpanA': 36341.805, 'laggingSpanB': 35321.035}"
filecoin,{'value': 23.010086666666684},{'value': 22.91365555737217},"{'valueUpperBand': 23.420791880095635, 'valueMiddleBand': 22.744795000000003, 'valueLowerBand': 22.068798119904372}",{'value': -2849820.2299999967},{'value': 34.52424965109447},"{'valueSlowK': 28.11031568317497, 'valueSlowD': 38.4296616532157}",{'value': -0.06822249256491775},"{'valueMACD': -0.30011689146834897, 'valueMACDSignal': -0.2909380114597748, 'valueMACDHist': -0.009178880008574142}",{'value': 22.22556084},"{'conversion': 22.6629, 'base': 23.22025, 'spanA': 22.790824999999998, 'spanB': 23.45515, 'currentSpanA': 23.840375, 'currentSpanB': 24.6556, 'laggingSpanA': 24.533575, 'laggingSpanB': 23.8428}"
ftx-token,{'value': 10.712966666666672},{'value': 10.498424286792844},"{'valueUpperBand': 11.230210764926138, 'valueMiddleBand': 10.533150000000008, 'valueLowerBand': 9.836089235073878}",{'value': 877627.396},{'value': 33.84685730522135},"{'valueSlowK': 36.27929803362287, 'valueSlowD': 50.78419909907757}",{'value': 0.1297999172037878},"{'valueMACD': -0.1854484102649412, 'valueMACDSignal': -0.11304786939915348, 'valueMACDHist': -0.0724005408657877}",{'value': 10.4},"{'conversion': 10.3065, 'base': 10.5845, 'spanA': 10.33325, 'spanB': 10.536999999999999, 'currentSpanA': 10.81125, 'currentSpanB': 10.0755, 'laggingSpanA': 9.89775, 'laggingSpanB': 9.6405}"
avalanche,{'value': 12.320156666666673},{'value': 12.218258542503104},"{'valueUpperBand': 12.702957860454852, 'valueMiddleBand': 12.046575000000006, 'valueLowerBand': 11.39019213954516}",{'value': 5465182.169999994},{'value': 42.65348142686631},"{'valueSlowK': 46.156751825806474, 'valueSlowD': 60.13413789740485}",{'value': -0.07551395909489722},"{'valueMACD': -0.20151112801958426, 'valueMACDSignal': -0.2237339575694302, 'valueMACDHist': 0.022222829549845946}",{'value': 13.441295645875208},"{'conversion': 12.0503, 'base': 12.67165, 'spanA': 12.360975, 'spanB': 12.67165, 'currentSpanA': 12.870325000000001, 'currentSpanB': 13.23585, 'laggingSpanA': 13.4242, 'laggingSpanB': 11.937349999999999}"
compound,{'value': 219.53266666666667},{'value': 217.1822648396294},"{'valueUpperBand': 224.72280661839685, 'valueMiddleBand': 215.0445000000001, 'valueLowerBand': 205.36619338160338}",{'value': -15512.514359999985},{'value': 35.25079639530367},"{'valueSlowK': 27.032830347785247, 'valueSlowD': 45.70710607246436}",{'value': -0.00957022567666943},"{'valueMACD': -3.845977723428973, 'valueMACDSignal': -3.2252577232974486, 'valueMACDHist': -0.6207200001315245}",{'value': 218.35},"{'conversion': 211.675, 'base': 219.95, 'spanA': 215.3125, 'spanB': 221.495, 'currentSpanA': 229.955, 'currentSpanB': 219.57999999999998, 'laggingSpanA': 216.4375, 'laggingSpanB': 214.695}"
solana,{'value': 3.7259900000000017},{'value': 3.686306298061084},"{'valueUpperBand': 3.8395289736654497, 'valueMiddleBand': 3.656195000000001, 'valueLowerBand': 3.4728610263345527}",{'value': 7048667.210000008},{'value': 34.23842669736305},"{'valueSlowK': 26.753432586093698, 'valueSlowD': 38.89583604900885}",{'value': -0.008367402436459948},"{'valueMACD': -0.07165659193086116, 'valueMACDSignal': -0.061045322504181286, 'valueMACDHist': -0.010611269426679872}",{'value': 3.6577988890283644},"{'conversion': 3.6243, 'base': 3.7346500000000002, 'spanA': 3.652725, 'spanB': 3.82665, 'currentSpanA': 3.929825, 'currentSpanB': 3.7393, 'laggingSpanA': 3.744025, 'laggingSpanB': 3.6511500000000003}"
ethereum-classic,{'value': 8.006463333333333},{'value': 7.89912813261584},"{'valueUpperBand': 8.255577566786863, 'valueMiddleBand': 7.9273450000000025, 'valueLowerBand': 7.599112433213143}",{'value': 2136396.3199999966},{'value': 40.18464487532156},"{'valueSlowK': 37.41075448794928, 'valueSlowD': 49.13948293715965}",{'value': 0.06967724340001258},"{'valueMACD': -0.06102109992312599, 'valueMACDSignal': -0.02348244055453136, 'valueMACDHist': -0.03753865936859463}",{'value': 7.9486},"{'conversion': 7.81715, 'base': 8.0593, 'spanA': 7.8994, 'spanB': 7.99975, 'currentSpanA': 7.900475, 'currentSpanB': 7.7835, 'laggingSpanA': 7.587, 'laggingSpanB': 7.7596}"
kusama,{'value': 102.98530000000005},{'value': 102.09287663435394},"{'valueUpperBand': 108.16498262795673, 'valueMiddleBand': 101.11595000000004, 'valueLowerBand': 94.06691737204335}",{'value': 269895.8910000002},{'value': 38.612921725330786},"{'valueSlowK': 23.046274370951778, 'valueSlowD': 42.29455430549452}",{'value': -0.01396313834653995},"{'valueMACD': -2.566028895498391, 'valueMACDSignal': -2.108919546992158, 'valueMACDHist': -0.4571093485062332}",{'value': 103.33},"{'conversion': 99.106, 'base': 102.72800000000001, 'spanA': 100.27324999999999, 'spanB': 107.401, 'currentSpanA': 109.24175, 'currentSpanB': 105.9465, 'laggingSpanA': 108.70525, 'laggingSpanB': 101.43}"
sushiswap,{'value': 6.860133333333333},{'value': 6.76069913742974},"{'valueUpperBand': 7.134821724450559, 'valueMiddleBand': 6.648550000000004, 'valueLowerBand': 6.162278275549449}",{'value': 18740933.672999974},{'value': 35.979407371815604},"{'valueSlowK': 26.66186692692952, 'valueSlowD': 34.63342377062431}",{'value': -0.08823335105205832},"{'valueMACD': -0.20622378331263835, 'valueMACDSignal': -0.18416185787929013, 'valueMACDHist': -0.02206192543334823}",{'value': 6.645},"{'conversion': 6.536, 'base': 6.835, 'spanA': 6.5954999999999995, 'spanB': 6.927, 'currentSpanA': 7.391500000000001, 'currentSpanB': 7.2655, 'laggingSpanA': 7.0995, 'laggingSpanB': 6.959}"
zilliqa,{'value': 0.07525866666666663},{'value': 0.07454701604319178},"{'valueUpperBand': 0.07755821267147404, 'valueMiddleBand': 0.07408150000000004, 'valueLowerBand': 0.07060478732852603}",{'value': 410588716.59999985},{'value': 37.689890741411226},"{'valueSlowK': 39.452199786929405, 'valueSlowD': 55.7138495824202}",{'value': 0.017487252806125397},"{'valueMACD': -0.0011474848403682653, 'valueMACDSignal': -0.000920392622452223, 'valueMACDHist': -0.00022709221791604223}",{'value': 0.07555},"{'conversion': 0.07308500000000001, 'base': 0.07491, 'spanA': 0.0735725, 'spanB': 0.07553499999999999, 'currentSpanA': 0.0771975, 'currentSpanB': 0.07546, 'laggingSpanA': 0.07294, 'laggingSpanB': 0.072725}"
waves,{'value': 7.329000000000002},{'value': 7.232989901985811},"{'valueUpperBand': 7.731491271146096, 'valueMiddleBand': 7.204250000000006, 'valueLowerBand': 6.677008728853917}",{'value': -4236249.779999995},{'value': 33.00917806426876},"{'valueSlowK': 27.885259462268834, 'valueSlowD': 44.32995356755649}",{'value': 0.002691959294076618},"{'valueMACD': -0.16907207536636104, 'valueMACDSignal': -0.13417384859223683, 'valueMACDHist': -0.034898226774124214}",{'value': 7.1566},"{'conversion': 7.0055499999999995, 'base': 7.3408, 'spanA': 7.1215, 'spanB': 7.41915, 'currentSpanA': 7.705, 'currentSpanB': 7.28895, 'laggingSpanA': 7.5455000000000005, 'laggingSpanB': 7.2835}"
decred,{'value': 55.52343333333335},{'value': 55.491106624420354},"{'valueUpperBand': 57.18101849834669, 'valueMiddleBand': 55.47410000000002, 'valueLowerBand': 53.767181501653354}",{'value': 37720.68500000002},{'value': 49.10137290716843},"{'valueSlowK': 62.20253195133815, 'valueSlowD': 70.51893897025671}",{'value': -0.030808237579016406},"{'valueMACD': -0.09905273622368327, 'valueMACDSignal': -0.0759053097831809, 'valueMACDHist': -0.02314742644050237}",{'value': 57.1796918635022},"{'conversion': 55.3475, 'base': 55.941500000000005, 'spanA': 55.429, 'spanB': 55.941500000000005, 'currentSpanA': 55.42375, 'currentSpanB': 55.314, 'laggingSpanA': 55.67425, 'laggingSpanB': 56.692499999999995}"
the-graph,{'value': 0.5490270000000003},{'value': 0.5523868332739855},"{'valueUpperBand': 0.5843231717310695, 'valueMiddleBand': 0.5500755000000002, 'valueLowerBand': 0.5158278282689308}",{'value': -34463188.499999955},{'value': 34.61020203919199},"{'valueSlowK': 23.432495362542383, 'valueSlowD': 42.79462468173074}",{'value': 0.12315245751401971},"{'valueMACD': -0.007875326390989756, 'valueMACDSignal': -0.004992991350104249, 'valueMACDHist': -0.0028823350408855074}",{'value': 0.5760081096451227},"{'conversion': 0.553895, 'base': 0.55842, 'spanA': 0.54078, 'spanB': 0.583305, 'currentSpanA': 0.5918975, 'currentSpanB': 0.538205, 'laggingSpanA': 0.5400325, 'laggingSpanB': 0.501155}"
algorand,{'value': 0.5389966666666662},{'value': 0.5350047516083475},"{'valueUpperBand': 0.554178651048367, 'valueMiddleBand': 0.5304849999999995, 'valueLowerBand': 0.506791348951632}",{'value': 47161994.29000001},{'value': 35.5959885999344},"{'valueSlowK': 26.426963828538742, 'valueSlowD': 46.372141647732214}",{'value': -0.0200378211857144},"{'valueMACD': -0.008124933962088132, 'valueMACDSignal': -0.0069081877014041514, 'valueMACDHist': -0.0012167462606839808}",{'value': 0.5437},"{'conversion': 0.5246500000000001, 'base': 0.53985, 'spanA': 0.53, 'spanB': 0.5468500000000001, 'currentSpanA': 0.562025, 'currentSpanB': 0.54495, 'laggingSpanA': 0.561975, 'laggingSpanB': 0.54495}"
hedera-hashgraph,{'value': 0.07552466666666661},{'value': 0.07930890227258003},"{'valueUpperBand': 0.10704243417263445, 'valueMiddleBand': 0.08094199999999997, 'valueLowerBand': 0.0548415658273655}",{'value': 886318878.3000004},{'value': 62.51069701857354},"{'valueSlowK': 13.860175651964513, 'valueSlowD': 25.35654782501611}",{'value': 0.5678171807700139},"{'valueMACD': 0.007781993374801274, 'valueMACDSignal': 0.007035933739235148, 'valueMACDHist': 0.0007460596355661261}",{'value': 0.1143628},"{'conversion': 0.09243000000000001, 'base': 0.08916, 'spanA': 0.09295, 'spanB': 0.08716, 'currentSpanA': 0.062462500000000004, 'currentSpanB': 0.05956, 'laggingSpanA': 0.0601075, 'laggingSpanB': 0.061145}"
elrond-egld,{'value': 38.22323333333331},{'value': 37.92977677069245},"{'valueUpperBand': 38.92441681092172, 'valueMiddleBand': 37.677600000000005, 'valueLowerBand': 36.43078318907829}",{'value': 327311.6489999999},{'value': 37.85267383775711},"{'valueSlowK': 44.900152530975696, 'valueSlowD': 62.4980851626764}",{'value': -0.009633280237042463},"{'valueMACD': -0.487907651068042, 'valueMACDSignal': -0.43602176291448175, 'valueMACDHist': -0.05188588815356027}",{'value': 37.843},"{'conversion': 37.1395, 'base': 38.146, 'spanA': 37.605500000000006, 'spanB': 38.596000000000004, 'currentSpanA': 39.34075, 'currentSpanB': 38.2685, 'laggingSpanA': 37.952, 'laggingSpanB': 37.5685}"
ren,{'value': 0.6564576666666663},{'value': 0.6653586215926875},"{'valueUpperBand': 0.7606263015290269, 'valueMiddleBand': 0.6813899999999999, 'valueLowerBand': 0.602153698470973}",{'value': 73551160.60000002},{'value': 49.53185769881106},"{'valueSlowK': 30.95220943215584, 'valueSlowD': 39.32260131699151}",{'value': 0.27799473810334874},"{'valueMACD': 0.01997449589506628, 'valueMACDSignal': 0.025211373411969693, 'valueMACDHist': -0.005236877516903413}",{'value': 0.7661960467830067},"{'conversion': 0.725155, 'base': 0.686315, 'spanA': 0.6944725, 'spanB': 0.67457, 'currentSpanA': 0.59554, 'currentSpanB': 0.62107, 'laggingSpanA': 0.632125, 'laggingSpanB': 0.58536}"
loopring,{'value': 0.4636413333333333},{'value': 0.45359090013569014},"{'valueUpperBand': 0.5117831065042349, 'valueMiddleBand': 0.46664399999999984, 'valueLowerBand': 0.4215048934957648}",{'value': 166357271.70000008},{'value': 39.62206155649424},"{'valueSlowK': 35.91604586836723, 'valueSlowD': 42.13858717374483}",{'value': 0.28879900618221654},"{'valueMACD': -0.004299096189364471, 'valueMACDSignal': 0.0028547608002180646, 'valueMACDHist': -0.007153856989582536}",{'value': 0.48281063809349783},"{'conversion': 0.45559000000000005, 'base': 0.469895, 'spanA': 0.454875, 'spanB': 0.45606, 'currentSpanA': 0.4371425, 'currentSpanB': 0.416325, 'laggingSpanA': 0.4080325, 'laggingSpanB': 0.40059}"
omg,{'value': 3.9160833333333347},{'value': 3.875844630560098},"{'valueUpperBand': 4.10280916028968, 'valueMiddleBand': 3.8583800000000057, 'valueLowerBand': 3.6139508397103315}",{'value': 4820784.8499999875},{'value': 36.79527586929193},"{'valueSlowK': 48.41993975903615, 'valueSlowD': 55.17876915144092}",{'value': 0.03157544656346989},"{'valueMACD': -0.08042870192925955, 'valueMACDSignal': -0.06276473893265364, 'valueMACDHist': -0.017663962996605914}",{'value': 3.8225},"{'conversion': 3.81, 'base': 3.90475, 'spanA': 3.822925, 'spanB': 3.9631499999999997, 'currentSpanA': 4.137475, 'currentSpanB': 3.8897500000000003, 'laggingSpanA': 3.96685, 'laggingSpanB': 3.8897500000000003}"
ontology,{'value': 0.6689066666666668},{'value': 0.661937491156132},"{'valueUpperBand': 0.7013164115571754, 'valueMiddleBand': 0.6589599999999998, 'valueLowerBand': 0.6166035884428241}",{'value': -108883.25000000303},{'value': 30.584851147128212},"{'valueSlowK': 26.9517612763581, 'valueSlowD': 41.63799045122364}",{'value': -0.011266083761318768},"{'valueMACD': -0.014924554585811656, 'valueMACDSignal': -0.011756906070808076, 'valueMACDHist': -0.00316764851500358}",{'value': 0.652872},"{'conversion': 0.64595, 'base': 0.6624000000000001, 'spanA': 0.64705, 'spanB': 0.6712, 'currentSpanA': 0.6983250000000001, 'currentSpanB': 0.6697500000000001, 'laggingSpanA': 0.6558249999999999, 'laggingSpanB': 0.6524}"
celo,{'value': 2.197646666666664},{'value': 2.2090712153874255},"{'valueUpperBand': 2.3181814577918347, 'valueMiddleBand': 2.198865000000001, 'valueLowerBand': 2.079548542208167}",{'value': -2502038.009999997},{'value': 52.70066820312588},"{'valueSlowK': 44.916230492755574, 'valueSlowD': 55.14402186924347}",{'value': 0.02708796646417877},"{'valueMACD': 0.01650118872417128, 'valueMACDSignal': 0.0009353229947866612, 'valueMACDHist': 0.015565865729384617}",{'value': 2.1350076479999998},"{'conversion': 2.36985, 'base': 2.36985, 'spanA': 2.36985, 'spanB': 2.36985, 'currentSpanA': 2.25575, 'currentSpanB': 2.2364, 'laggingSpanA': 2.1727749999999997, 'laggingSpanB': 2.15605}"
nano,{'value': 3.5263500000000003},{'value': 3.4833928633577136},"{'valueUpperBand': 3.7049495425593344, 'valueMiddleBand': 3.4819700000000022, 'valueLowerBand': 3.25899045744067}",{'value': 13335846.329999998},{'value': 34.041617388722415},"{'valueSlowK': 33.54099011798029, 'valueSlowD': 46.74556150525233}",{'value': 0.021828970774229184},"{'valueMACD': -0.06685548115284634, 'valueMACDSignal': -0.04066724625587655, 'valueMACDHist': -0.026188234896969788}",{'value': 3.511560707823014},"{'conversion': 3.3659499999999998, 'base': 3.4486499999999998, 'spanA': 3.368275, 'spanB': 3.496, 'currentSpanA': 3.62325, 'currentSpanB': 3.556, 'laggingSpanA': 3.424975, 'laggingSpanB': 3.50515}"
terra-luna,{'value': 0.9279600000000005},{'value': 0.9076879314230143},"{'valueUpperBand': 0.9440157832575804, 'valueMiddleBand': 0.9223749999999996, 'valueLowerBand': 0.9007342167424188}",{'value': 22416058.150000006},{'value': 48.92066898162787},"{'valueSlowK': 23.375799136993223, 'valueSlowD': 41.2842498240001}",{'value': 0.27685001522517183},"{'valueMACD': 0.007100617285887401, 'valueMACDSignal': 0.011468083544328898, 'valueMACDHist': -0.004367466258441498}",{'value': 0.955898396667184},"{'conversion': 0.925, 'base': 0.9489000000000001, 'spanA': 0.9389750000000001, 'spanB': 0.8959, 'currentSpanA': 0.8654999999999999, 'currentSpanB': 0.8440000000000001, 'laggingSpanA': 0.79625, 'laggingSpanB': 0.7884500000000001}"
trueusd,{'value': 0.9995299999999999},{'value': 0.9996303416728278},"{'valueUpperBand': 1.0003262084999411, 'valueMiddleBand': 0.9997050000000001, 'valueLowerBand': 0.9990837915000589}",{'value': -35547229.00000002},{'value': 54.068513113542224},"{'valueSlowK': 15.228261575428059, 'valueSlowD': 26.484286105537127}",{'value': -0.0007209982018863137},"{'valueMACD': 5.375290955844658e-05, 'valueMACDSignal': 2.397417557251901e-05, 'valueMACDHist': 2.977873398592757e-05}",{'value': 0.9993935999999999},"{'conversion': 1.0020499999999999, 'base': 1.00155, 'spanA': 1.0019, 'spanB': 1.00155, 'currentSpanA': 0.9992749999999999, 'currentSpanB': 1.0007000000000001, 'laggingSpanA': 1.0009000000000001, 'laggingSpanB': 1.00055}"
icon,{'value': 0.7122966666666666},{'value': 0.702722182948633},"{'valueUpperBand': 0.7329783060329159, 'valueMiddleBand': 0.6987399999999999, 'valueLowerBand': 0.6645016939670839}",{'value': 23801916.919999983},{'value': 41.34025741809691},"{'valueSlowK': 47.3467964493119, 'valueSlowD': 53.68575814415692}",{'value': 0.06950053474494844},"{'valueMACD': -0.010464095511666271, 'valueMACDSignal': -0.008746646559746258, 'valueMACDHist': -0.0017174489519200132}",{'value': 0.708},"{'conversion': 0.6891, 'base': 0.7168, 'spanA': 0.698475, 'spanB': 0.71955, 'currentSpanA': 0.7316, 'currentSpanB': 0.69455, 'laggingSpanA': 0.6647000000000001, 'laggingSpanB': 0.66815}"
basic-attention-token,{'value': 0.2780533333333334},{'value': 0.27593088803137933},"{'valueUpperBand': 0.2872818944156479, 'valueMiddleBand': 0.27513999999999966, 'valueLowerBand': 0.26299810558435144}",{'value': 98215910.26},{'value': 39.26133340098064},"{'valueSlowK': 32.04527198604221, 'valueSlowD': 39.71347445339095}",{'value': 0.02981100927292868},"{'valueMACD': -0.003222312658744231, 'valueMACDSignal': -0.0020218989930208832, 'valueMACDHist': -0.0012004136657233475}",{'value': 0.28937999999999997},"{'conversion': 0.27444999999999997, 'base': 0.27765, 'spanA': 0.27294999999999997, 'spanB': 0.27885, 'currentSpanA': 0.28352499999999997, 'currentSpanB': 0.27435, 'laggingSpanA': 0.26970000000000005, 'laggingSpanB': 0.2663}"
0x,{'value': 0.5560566666666673},{'value': 0.5521015531091359},"{'valueUpperBand': 0.5779871297957505, 'valueMiddleBand': 0.5470500000000003, 'valueLowerBand': 0.51611287020425}",{'value': 43005116.36999997},{'value': 34.467268511307914},"{'valueSlowK': 41.574373000329366, 'valueSlowD': 47.271418445406475}",{'value': -0.058483061985370455},"{'valueMACD': -0.01236337082489014, 'valueMACDSignal': -0.01059491633687655, 'valueMACDHist': -0.0017684544880135905}",{'value': 0.5460354729034468},"{'conversion': 0.53755, 'base': 0.5506, 'spanA': 0.5392750000000001, 'spanB': 0.5688, 'currentSpanA': 0.586625, 'currentSpanB': 0.5708, 'laggingSpanA': 0.5844, 'laggingSpanB': 0.5661499999999999}"
reserve-rights,{'value': 0.043917666666666674},{'value': 0.04313557156317101},"{'valueUpperBand': 0.045266641689831626, 'valueMiddleBand': 0.04264199999999999, 'valueLowerBand': 0.04001735831016836}",{'value': 307615111.50000066},{'value': 43.27997003281315},"{'valueSlowK': 27.24660397074193, 'valueSlowD': 35.0003439202223}",{'value': 0.04979354633987132},"{'valueMACD': -0.0008902464148488054, 'valueMACDSignal': -0.000781098612148971, 'valueMACDHist': -0.00010914780269983442}",{'value': 0.042947},"{'conversion': 0.041725, 'base': 0.04424, 'spanA': 0.0429825, 'spanB': 0.044770000000000004, 'currentSpanA': 0.045630000000000004, 'currentSpanB': 0.04293, 'laggingSpanA': 0.0408225, 'laggingSpanB': 0.041045}"
blockstack,{'value': 0.5020133333333333},{'value': 0.5000158627861238},"{'valueUpperBand': 0.5225936477959139, 'valueMiddleBand': 0.5052799999999998, 'valueLowerBand': 0.48796635220408585}",{'value': 5371036.920000005},{'value': 42.503381593907754},"{'valueSlowK': 25.301405702508657, 'valueSlowD': 43.94332491240839}",{'value': 0.06563247556592433},"{'valueMACD': -1.861022667470902e-05, 'valueMACDSignal': 0.0027514617525437246, 'valueMACDHist': -0.0027700719792184336}",{'value': 0.5254577833543772},"{'conversion': 0.49905, 'base': 0.5039, 'spanA': 0.50195, 'spanB': 0.50325, 'currentSpanA': 0.4788, 'currentSpanB': 0.49160000000000004, 'laggingSpanA': 0.4899, 'laggingSpanB': 0.49160000000000004}"
digibyte,{'value': 0.027023666666666665},{'value': 0.02679576981526862},"{'valueUpperBand': 0.02768786462530366, 'valueMiddleBand': 0.02678950000000001, 'valueLowerBand': 0.025891135374696363}",{'value': 18972586.49999998},{'value': 37.646212774934575},"{'valueSlowK': 17.63504611330708, 'valueSlowD': 37.26576123056463}",{'value': -0.0017297680970584928},"{'valueMACD': -0.0002432595811977245, 'valueMACDSignal': -0.0001723300511130541, 'valueMACDHist': -7.09295300846704e-05}",{'value': 0.026862},"{'conversion': 0.026445000000000003, 'base': 0.026825, 'spanA': 0.026617500000000002, 'spanB': 0.026925, 'currentSpanA': 0.02718, 'currentSpanB': 0.0266, 'laggingSpanA': 0.026245, 'laggingSpanB': 0.027035}"
bittorrent,{'value': 0.0003725933333333332},{'value': 0.0003678147853333275},"{'valueUpperBand': 0.0003830964281180134, 'valueMiddleBand': 0.0003690300000000001, 'valueLowerBand': 0.00035496357188198683}",{'value': 21196965742},{'value': 39.535036699479015},"{'valueSlowK': 22.108022756341388, 'valueSlowD': 32.488723515720935}",{'value': 0.05699349100396489},"{'valueMACD': -3.4146326394109963e-06, 'valueMACDSignal': -1.59260943331001e-06, 'valueMACDHist': -1.8220232061009862e-06}",{'value': 0.0003669388036682506},"{'conversion': 0.0003635, 'base': 0.00037845, 'spanA': 0.0003681, 'spanB': 0.00037845, 'currentSpanA': 0.00038195, 'currentSpanB': 0.00037465, 'laggingSpanA': 0.000360925, 'laggingSpanB': 0.0003615}"
enjin-coin,{'value': 0.3726833333333334},{'value': 0.3691018769229341},"{'valueUpperBand': 0.44693169076530226, 'valueMiddleBand': 0.38944799999999985, 'valueLowerBand': 0.33196430923469744}",{'value': 181732527.49999997},{'value': 57.080584127077},"{'valueSlowK': 36.07570382786212, 'valueSlowD': 38.28944981402952}",{'value': 1.0309647251493415},"{'valueMACD': 0.022325884966628906, 'valueMACDSignal': 0.02702000608817575, 'valueMACDHist': -0.0046941211215468445}",{'value': 0.3579012676487776},"{'conversion': 0.41292, 'base': 0.38024, 'spanA': 0.40221, 'spanB': 0.3511, 'currentSpanA': 0.28179, 'currentSpanB': 0.274045, 'laggingSpanA': 0.2432825, 'laggingSpanB': 0.24267}"
horizen,{'value': 29.46376666666666},{'value': 29.4706149472293},"{'valueUpperBand': 30.550903209578372, 'valueMiddleBand': 29.268799999999956, 'valueLowerBand': 27.98669679042154}",{'value': 806381.4880000001},{'value': 45.93407404158148},"{'valueSlowK': 24.866275128938835, 'valueSlowD': 43.72341729114482}",{'value': 0.07554035651153868},"{'valueMACD': -0.1462070927738992, 'valueMACDSignal': -0.18221549094593487, 'valueMACDHist': 0.03600839817203566}",{'value': 27.9076954059776},"{'conversion': 29.054499999999997, 'base': 29.4335, 'spanA': 29.244, 'spanB': 30.018, 'currentSpanA': 30.566750000000003, 'currentSpanB': 28.490499999999997, 'laggingSpanA': 29.813, 'laggingSpanB': 28.490499999999997}"
qtum,{'value': 3.232799999999999},{'value': 3.2062086951983666},"{'valueUpperBand': 3.3808527543351508, 'valueMiddleBand': 3.2029499999999977, 'valueLowerBand': 3.0250472456648447}",{'value': 5647721.765},{'value': 41.749401167580366},"{'valueSlowK': 14.999632973647714, 'valueSlowD': 36.27394003211288}",{'value': 0.039177471787832374},"{'valueMACD': -0.03152484785428733, 'valueMACDSignal': -0.021307949388013617, 'valueMACDHist': -0.010216898466273713}",{'value': 3.0338629689279997},"{'conversion': 3.151, 'base': 3.2165, 'spanA': 3.18375, 'spanB': 3.2165, 'currentSpanA': 3.2645, 'currentSpanB': 3.1130000000000004, 'laggingSpanA': 3.1370000000000005, 'laggingSpanB': 3.0890000000000004}"
thorchain,{'value': 2.031183333333332},{'value': 1.9991541667573391},"{'valueUpperBand': 2.097145165561858, 'valueMiddleBand': 1.9885000000000017, 'valueLowerBand': 1.8798548344381458}",{'value': 4667586.7899999935},{'value': 35.284723174956675},"{'valueSlowK': 14.898202494497449, 'valueSlowD': 32.49758155225587}",{'value': 0.04540402152459766},"{'valueMACD': -0.039150673131155944, 'valueMACDSignal': -0.027042816902026905, 'valueMACDHist': -0.012107856229129039}",{'value': 2.027275193641881},"{'conversion': 1.9502000000000002, 'base': 2.008, 'spanA': 1.9791, 'spanB': 2.03395, 'currentSpanA': 2.114475, 'currentSpanB': 2.00445, 'laggingSpanA': 1.915225, 'laggingSpanB': 1.991}"
iostoken,{'value': 0.01810069999999999},{'value': 0.017941029641770617},"{'valueUpperBand': 0.0190370799478258, 'valueMiddleBand': 0.017672400000000015, 'valueLowerBand': 0.01630772005217423}",{'value': 6545085170},{'value': 31.537587845213906},"{'valueSlowK': 18.029375876514532, 'valueSlowD': 38.89160632155264}",{'value': -0.19942070935382583},"{'valueMACD': -0.0005660297746479942, 'valueMACDSignal': -0.0004990847449710176, 'valueMACDHist': -6.694502967697659e-05}",{'value': 0.01796454},"{'conversion': 0.0171615, 'base': 0.0178275, 'spanA': 0.017417000000000002, 'spanB': 0.0187555, 'currentSpanA': 0.0198835, 'currentSpanB': 0.019762000000000002, 'laggingSpanA': 0.020671500000000002, 'laggingSpanB': 0.021249999999999998}"
curve-dao-token,{'value': 1.4041000000000012},{'value': 1.3957085713293684},"{'valueUpperBand': 1.4870120081039755, 'valueMiddleBand': 1.3724999999999996, 'valueLowerBand': 1.2579879918960237}",{'value': 85168926.57699998},{'value': 39.71263471166894},"{'valueSlowK': 18.506630444221116, 'valueSlowD': 47.213675125696774}",{'value': -0.07200594738177024},"{'valueMACD': -0.033313177141405026, 'valueMACDSignal': -0.032360155606497895, 'valueMACDHist': -0.0009530215349071308}",{'value': 1.449},"{'conversion': 1.3545, 'base': 1.395, 'spanA': 1.3747500000000001, 'spanB': 1.462, 'currentSpanA': 1.5265, 'currentSpanB': 1.5225, 'laggingSpanA': 1.5907499999999999, 'laggingSpanB': 1.4115}"
ocean-protocol,{'value': 0.5971166666666664},{'value': 0.5931277588343989},"{'valueUpperBand': 0.6329183022963282, 'valueMiddleBand': 0.5995799999999997, 'valueLowerBand': 0.5662416977036712}",{'value': 23904471.759999998},{'value': 39.87994998536284},"{'valueSlowK': 11.673977372905386, 'valueSlowD': 34.76722545851532}",{'value': 0.1336123240235354},"{'valueMACD': -0.0004994258846896527, 'valueMACDSignal': 0.0040120777833253865, 'valueMACDHist': -0.004511503668015039}",{'value': 0.63206},"{'conversion': 0.6047, 'base': 0.60395, 'spanA': 0.5975250000000001, 'spanB': 0.59935, 'currentSpanA': 0.576475, 'currentSpanB': 0.55875, 'laggingSpanA': 0.578525, 'laggingSpanB': 0.55875}"
kyber-network,{'value': 1.2968333333333333},{'value': 1.2755507338826189},"{'valueUpperBand': 1.3724445729856245, 'valueMiddleBand': 1.2764, 'valueLowerBand': 1.1803554270143755}",{'value': 16480208.710999997},{'value': 34.15838165454899},"{'valueSlowK': 14.101987251593608, 'valueSlowD': 34.15474934792038}",{'value': 0.08278278720719179},"{'valueMACD': -0.027275297783572627, 'valueMACDSignal': -0.015689902875413577, 'valueMACDHist': -0.01158539490815905}",{'value': 1.2765150123897138},"{'conversion': 1.2495, 'base': 1.306, 'spanA': 1.26425, 'spanB': 1.2925, 'currentSpanA': 1.31975, 'currentSpanB': 1.262, 'laggingSpanA': 1.2025000000000001, 'laggingSpanB': 1.2095}"
paxos-standard,{'value': 0.9994566666666672},{'value': 0.9996131012158016},"{'valueUpperBand': 1.0003392350429543, 'valueMiddleBand': 0.9997350000000017, 'valueLowerBand': 0.9991307649570492}",{'value': -5059184.629999999},{'value': 59.40810718567421},"{'valueSlowK': 51.11111111110913, 'valueSlowD': 44.074074074072946}",{'value': -0.0007472906165095772},"{'valueMACD': 0.00011925257537725997, 'valueMACDSignal': 7.211594116858195e-05, 'valueMACDHist': 4.7136634208678023e-05}",{'value': 1.0015},"{'conversion': 1.0004, 'base': 0.9999, 'spanA': 0.99995, 'spanB': 0.9999, 'currentSpanA': 0.9995499999999999, 'currentSpanB': 1.0002499999999999, 'laggingSpanA': 1.0005000000000002, 'laggingSpanB': 1.0005}"
siacoin,{'value': 0.005047933333333334},{'value': 0.004966953216215857},"{'valueUpperBand': 0.005238333090847285, 'valueMiddleBand': 0.0049834499999999995, 'valueLowerBand': 0.004728566909152714}",{'value': 3854283127},{'value': 39.95931701529531},"{'valueSlowK': 12.418575711471904, 'valueSlowD': 25.439602229241032}",{'value': 0.12339314517118005},"{'valueMACD': -4.42213731006837e-05, 'valueMACDSignal': -1.6603164252683866e-05, 'valueMACDHist': -2.7618208847999833e-05}",{'value': 0.0053360199999999995},"{'conversion': 0.0050244999999999995, 'base': 0.0051, 'spanA': 0.00504575, 'spanB': 0.005074, 'currentSpanA': 0.004992, 'currentSpanB': 0.004763, 'laggingSpanA': 0.0046082499999999995, 'laggingSpanB': 0.004703499999999999}"
augur,{'value': 21.314999999999998},{'value': 21.126900341047936},"{'valueUpperBand': 22.530541378588104, 'valueMiddleBand': 21.283650000000023, 'valueLowerBand': 20.03675862141194}",{'value': -15713.979999999969},{'value': 34.88604597467748},"{'valueSlowK': 17.50555687200327, 'valueSlowD': 30.82695226477001}",{'value': 0.06942871856989719},"{'valueMACD': -0.2528006942326151, 'valueMACDSignal': -0.11773422708875736, 'valueMACDHist': -0.13506646714385773}",{'value': 21.8001},"{'conversion': 21.000500000000002, 'base': 21.389000000000003, 'spanA': 21.05425, 'spanB': 21.2485, 'currentSpanA': 21.328249999999997, 'currentSpanB': 20.5095, 'laggingSpanA': 21.054499999999997, 'laggingSpanB': 20.5095}"
decentraland,{'value': 0.12730566666666665},{'value': 0.12703135661284992},"{'valueUpperBand': 0.13767221919608952, 'valueMiddleBand': 0.12988000000000008, 'valueLowerBand': 0.12208778080391063}",{'value': 61314727.499999866},{'value': 47.47218146819656},"{'valueSlowK': 13.537357553644258, 'valueSlowD': 34.82448738648273}",{'value': 0.2908492782442318},"{'valueMACD': 0.0023088673014139693, 'valueMACDSignal': 0.003177116018739434, 'valueMACDHist': -0.0008682487173254645}",{'value': 0.1440578},"{'conversion': 0.132, 'base': 0.13131500000000002, 'spanA': 0.1320925, 'spanB': 0.12743500000000002, 'currentSpanA': 0.11661250000000001, 'currentSpanB': 0.11205999999999999, 'laggingSpanA': 0.10998250000000001, 'laggingSpanB': 0.111625}"
band-protocol,{'value': 9.769756666666668},{'value': 9.563557954010758},"{'valueUpperBand': 10.295508099439797, 'valueMiddleBand': 9.487299999999994, 'valueLowerBand': 8.679091900560191}",{'value': 4618075.319999994},{'value': 34.24469589946415},"{'valueSlowK': 22.057605753517205, 'valueSlowD': 39.87977283547219}",{'value': -0.08491941757584609},"{'valueMACD': -0.28475702051625795, 'valueMACDSignal': -0.22157630892189545, 'valueMACDHist': -0.0631807115943625}",{'value': 9.492912},"{'conversion': 9.1283, 'base': 9.64865, 'spanA': 9.31925, 'spanB': 9.598949999999999, 'currentSpanA': 10.230649999999999, 'currentSpanB': 10.0428, 'laggingSpanA': 10.0787, 'laggingSpanB': 10.33395}"
bancor,{'value': 1.795346666666667},{'value': 1.765931035310518},"{'valueUpperBand': 1.8623570263243425, 'valueMiddleBand': 1.7637599999999993, 'valueLowerBand': 1.6651629736756561}",{'value': 2395094.4600000028},{'value': 29.954724225270617},"{'valueSlowK': 13.513108917070996, 'valueSlowD': 22.713181285126012}",{'value': 0.014863110004048607},"{'valueMACD': -0.03321030971981198, 'valueMACDSignal': -0.019711537952798175, 'valueMACDHist': -0.013498771767013806}",{'value': 1.7436379199999998},"{'conversion': 1.72905, 'base': 1.77645, 'spanA': 1.74305, 'spanB': 1.7726, 'currentSpanA': 1.82275, 'currentSpanB': 1.7796, 'laggingSpanA': 1.772675, 'laggingSpanB': 1.76485}"
lisk,{'value': 1.3955200000000008},{'value': 1.3890107805932141},"{'valueUpperBand': 1.4492416182131134, 'valueMiddleBand': 1.3866100000000006, 'valueLowerBand': 1.3239783817868878}",{'value': 1915017.6899999985},{'value': 53.615900186074064},"{'valueSlowK': 68.05175425078346, 'valueSlowD': 60.16107306854847}",{'value': 0.021951305970802082},"{'valueMACD': -0.0011604568638852175, 'valueMACDSignal': -0.0061294514734023964, 'valueMACDHist': 0.004968994609517179}",{'value': 1.3289},"{'conversion': 1.39595, 'base': 1.39595, 'spanA': 1.39595, 'spanB': 1.39595, 'currentSpanA': 1.40485, 'currentSpanB': 1.3609, 'laggingSpanA': 1.364425, 'laggingSpanB': 1.35775}"
aragon,{'value': 4.1120166666666655},{'value': 4.076944329930397},"{'valueUpperBand': 4.306622359353684, 'valueMiddleBand': 4.041040000000005, 'valueLowerBand': 3.775457640646327}",{'value': 999825.7800000008},{'value': 31.968209613765314},"{'valueSlowK': 13.4183615073833, 'valueSlowD': 21.983934402944357}",{'value': -0.05323007178293926},"{'valueMACD': -0.09810204868883066, 'valueMACDSignal': -0.07633037566931916, 'valueMACDHist': -0.021771673019511495}",{'value': 4.1500302399999995},"{'conversion': 3.9411, 'base': 4.0506, 'spanA': 3.9776, 'spanB': 4.27715, 'currentSpanA': 4.37055, 'currentSpanB': 4.35675, 'laggingSpanA': 4.4764, 'laggingSpanB': 4.3253}"
matic-network,{'value': 0.033563999999999976},{'value': 0.03308965913081696},"{'valueUpperBand': 0.03491541236770699, 'valueMiddleBand': 0.03266600000000002, 'valueLowerBand': 0.030416587632293053}",{'value': 1193902443.2999995},{'value': 35.9488274644622},"{'valueSlowK': 31.774580335731518, 'valueSlowD': 35.4245130485157}",{'value': -0.07017986246582453},"{'valueMACD': -0.0009049260958143082, 'valueMACDSignal': -0.0007539143974057173, 'valueMACDHist': -0.00015101169840859088}",{'value': 0.03299},"{'conversion': 0.031835, 'base': 0.033100000000000004, 'spanA': 0.032350000000000004, 'spanB': 0.034104999999999996, 'currentSpanA': 0.03544, 'currentSpanB': 0.03429, 'laggingSpanA': 0.0341775, 'laggingSpanB': 0.03349}"
balancer,{'value': 22.779766666666678},{'value': 22.116920492902594},"{'valueUpperBand': 23.787154025889933, 'valueMiddleBand': 22.026049999999984, 'valueLowerBand': 20.264945974110034}",{'value': 337106.16800000035},{'value': 32.06274784826812},"{'valueSlowK': 19.866036000415964, 'valueSlowD': 22.077078880650834}",{'value': 0.14759191420981033},"{'valueMACD': -0.6289399886048024, 'valueMACDSignal': -0.3975101692194486, 'valueMACDHist': -0.23142981938535379}",{'value': 22.0652464},"{'conversion': 21.2905, 'base': 22.497999999999998, 'spanA': 21.745250000000002, 'spanB': 22.423000000000002, 'currentSpanA': 23.36575, 'currentSpanB': 21.316499999999998, 'laggingSpanA': 20.672, 'laggingSpanB': 20.116500000000002}"
theta-fuel,{'value': 0.02856656666666668},{'value': 0.02835640059438457},"{'valueUpperBand': 0.030431408090072415, 'valueMiddleBand': 0.028728700000000013, 'valueLowerBand': 0.02702599190992761}",{'value': 303112217},{'value': 41.02513166211175},"{'valueSlowK': 11.275153808963095, 'valueSlowD': 12.443992657739292}",{'value': 0.11114425435001518},"{'valueMACD': -8.583957645380905e-05, 'valueMACDSignal': 0.00018566904203929497, 'valueMACDHist': -0.000271508618493104}",{'value': 0.031462571200000004},"{'conversion': 0.029277, 'base': 0.029277, 'spanA': 0.02917, 'spanB': 0.02917, 'currentSpanA': 0.0274275, 'currentSpanB': 0.026965, 'laggingSpanA': 0.02669775, 'laggingSpanB': 0.027646999999999998}"
ravencoin,{'value': 0.018015999999999973},{'value': 0.017903669839689947},"{'valueUpperBand': 0.018700012048107662, 'valueMiddleBand': 0.017869999999999983, 'valueLowerBand': 0.017039987951892304}",{'value': 250313159.69999948},{'value': 34.16043594807266},"{'valueSlowK': 17.731155190278777, 'valueSlowD': 27.785397982976104}",{'value': 0.04490049995129475},"{'valueMACD': -0.00025582511292508714, 'valueMACDSignal': -0.0001534877217307061, 'valueMACDHist': -0.00010233739119438104}",{'value': 0.018036628954177188},"{'conversion': 0.017555, 'base': 0.017925, 'spanA': 0.017645, 'spanB': 0.018095, 'currentSpanA': 0.018525, 'currentSpanB': 0.01758, 'laggingSpanA': 0.018, 'laggingSpanB': 0.01758}"
injective-protocol,{'value': 8.839670000000005},{'value': 8.488672569688745},"{'valueUpperBand': 9.393988423750425, 'valueMiddleBand': 8.735614999999989, 'valueLowerBand': 8.077241576249552}",{'value': 3805566.2300000004},{'value': 43.75330461481817},"{'valueSlowK': 18.506785948633834, 'valueSlowD': 23.963792426058898}",{'value': 0.5696626673181937},"{'valueMACD': 0.0036256151643438983, 'valueMACDSignal': 0.12071506067253505, 'valueMACDHist': -0.11708944550819116}",{'value': 9.027748},"{'conversion': 8.7331, 'base': 9.033100000000001, 'spanA': 8.75515, 'spanB': 8.69005, 'currentSpanA': 8.90555, 'currentSpanB': 8.524999999999999, 'laggingSpanA': 6.24285, 'laggingSpanB': 6.2202}"
1inch,{'value': 1.8907333333333327},{'value': 1.857568561073423},"{'valueUpperBand': 2.0635074835025446, 'valueMiddleBand': 1.8738949999999996, 'valueLowerBand': 1.6842825164974546}",{'value': 9964152.159999987},{'value': 36.38173949858134},"{'valueSlowK': 16.07458009716743, 'valueSlowD': 18.935904690877052}",{'value': 0.06483643538199857},"{'valueMACD': -0.049061891719277106, 'valueMACDSignal': -0.02365724992677328, 'valueMACDHist': -0.025404641792503825}",{'value': 1.9058644189683815},"{'conversion': 1.8022999999999998, 'base': 1.87405, 'spanA': 1.820725, 'spanB': 1.8728, 'currentSpanA': 1.8643999999999998, 'currentSpanB': 1.91045, 'laggingSpanA': 1.919425, 'laggingSpanB': 1.7898}"
numeraire,{'value': 28.98913333333335},{'value': 28.737123318884223},"{'valueUpperBand': 29.651888035522955, 'valueMiddleBand': 28.563150000000014, 'valueLowerBand': 27.474411964477074}",{'value': 23063.182999999975},{'value': 38.14872566550132},"{'valueSlowK': 6.6933659310895015, 'valueSlowD': 7.997219661314118}",{'value': 0.008204840097847388},"{'valueMACD': -0.38977236310755004, 'valueMACDSignal': -0.34487113029002064, 'valueMACDHist': -0.04490123281752939}",{'value': 28.780349599999997},"{'conversion': 28.634500000000003, 'base': 29.2515, 'spanA': 28.86375, 'spanB': 29.473, 'currentSpanA': 29.9905, 'currentSpanB': 28.739, 'laggingSpanA': 28.881500000000003, 'laggingSpanB': 28.6765}"
chiliz,{'value': 0.021753699999999973},{'value': 0.021736880643003054},"{'valueUpperBand': 0.023360713496706133, 'valueMiddleBand': 0.022187549999999993, 'valueLowerBand': 0.021014386503293854}",{'value': -653299581},{'value': 50.51077630235433},"{'valueSlowK': 32.48468860019732, 'valueSlowD': 33.45145696679926}",{'value': 0.2096226413004887},"{'valueMACD': 0.00023778179986766804, 'valueMACDSignal': 0.000349218266181075, 'valueMACDHist': -0.00011143646631340696}",{'value': 0.02383084},"{'conversion': 0.022363, 'base': 0.022046, 'spanA': 0.0222545, 'spanB': 0.021828, 'currentSpanA': 0.02061125, 'currentSpanB': 0.019769000000000002, 'laggingSpanA': 0.019918500000000002, 'laggingSpanB': 0.019769000000000002}"
helium,{'value': 1.836266666666667},{'value': 1.7910053580936551},"{'valueUpperBand': 1.9600241133669665, 'valueMiddleBand': 1.8130499999999996, 'valueLowerBand': 1.6660758866330327}",{'value': 3417441.9299999997},{'value': 37.08069588785721},"{'valueSlowK': 26.1931602798898, 'valueSlowD': 23.864707415323082}",{'value': 0.18908490528204425},"{'valueMACD': -0.0316421260064772, 'valueMACDSignal': -0.0077951810034356415, 'valueMACDHist': -0.023846945003041558}",{'value': 1.8339887019916983},"{'conversion': 1.772, 'base': 1.802, 'spanA': 1.7635, 'spanB': 1.8005, 'currentSpanA': 1.8135, 'currentSpanB': 1.6675, 'laggingSpanA': 1.6814999999999998, 'laggingSpanB': 1.616}"
holo,{'value': 0.0007032733333333328},{'value': 0.0006964043606258267},"{'valueUpperBand': 0.0007247316708091505, 'valueMiddleBand': 0.0006938849999999985, 'valueLowerBand': 0.0006630383291908465}",{'value': -1547056480},{'value': 32.20125865814125},"{'valueSlowK': 22.630405274384376, 'valueSlowD': 23.59733579671487}",{'value': -0.039135123977718234},"{'valueMACD': -1.1688006002992415e-05, 'valueMACDSignal': -8.611499359880146e-06, 'valueMACDHist': -3.076506643112269e-06}",{'value': 0.00069264},"{'conversion': 0.00067965, 'base': 0.00069195, 'spanA': 0.0006839, 'spanB': 0.0006970500000000001, 'currentSpanA': 0.0007236, 'currentSpanB': 0.00070505, 'laggingSpanA': 0.0007045, 'laggingSpanB': 0.000719}"
kava,{'value': 2.27136},{'value': 2.2824153500636295},"{'valueUpperBand': 2.4795773085388904, 'valueMiddleBand': 2.3294, 'valueLowerBand': 2.17922269146111}",{'value': 2731948.4199999995},{'value': 47.065036609005766},"{'valueSlowK': 28.581133372558785, 'valueSlowD': 28.624699302436728}",{'value': 0.15645251461291476},"{'valueMACD': 0.018248710655641265, 'valueMACDSignal': 0.03824899181269813, 'valueMACDHist': -0.020000281157056862}",{'value': 2.4989792},"{'conversion': 2.32105, 'base': 2.31105, 'spanA': 2.310675, 'spanB': 2.2946999999999997, 'currentSpanA': 2.15815, 'currentSpanB': 2.10335, 'laggingSpanA': 2.115525, 'laggingSpanB': 2.17975}"
alpha-finance-lab,{'value': 0.6042766666666667},{'value': 0.588875625900544},"{'valueUpperBand': 0.6273074920050229, 'valueMiddleBand': 0.5925199999999999, 'valueLowerBand': 0.557732507994977}",{'value': 86737883.59999996},{'value': 45.96759233153491},"{'valueSlowK': 24.11975820370164, 'valueSlowD': 32.31474741001359}",{'value': 0.32158678621752035},"{'valueMACD': 0.00044583752592319836, 'valueMACDSignal': 0.0040717454764434766, 'valueMACDHist': -0.003625907950520278}",{'value': 0.64056},"{'conversion': 0.5970150000000001, 'base': 0.601685, 'spanA': 0.59935, 'spanB': 0.57612, 'currentSpanA': 0.5889025, 'currentSpanB': 0.545615, 'laggingSpanA': 0.50318, 'laggingSpanB': 0.495665}"
orchid,{'value': 0.29756999999999995},{'value': 0.29527978115506126},"{'valueUpperBand': 0.3094671556225442, 'valueMiddleBand': 0.29356, 'valueLowerBand': 0.2776528443774558}",{'value': -198630.11999999962},{'value': 33.31719675693067},"{'valueSlowK': 9.675193870877486, 'valueSlowD': 21.905313252221873}",{'value': -0.011947605533424444},"{'valueMACD': -0.005603820216446342, 'valueMACDSignal': -0.0047365152440095575, 'valueMACDHist': -0.0008673049724367849}",{'value': 0.294844},"{'conversion': 0.28845, 'base': 0.2972, 'spanA': 0.292075, 'spanB': 0.3119, 'currentSpanA': 0.315375, 'currentSpanB': 0.3055, 'laggingSpanA': 0.31047499999999995, 'laggingSpanB': 0.3023}"
funfair,{'value': 0.01736283333333332},{'value': 0.016978332095103573},"{'valueUpperBand': 0.018590808625467303, 'valueMiddleBand': 0.016785249999999995, 'valueLowerBand': 0.014979691374532684}",{'value': -1594351037},{'value': 37.99564022134947},"{'valueSlowK': 23.7795451052712, 'valueSlowD': 26.741422578900515}",{'value': 0.012082996408979696},"{'valueMACD': -0.0006515738387097812, 'valueMACDSignal': -0.0005374355800938891, 'valueMACDHist': -0.00011413825861589211}",{'value': 0.016759},"{'conversion': 0.016174, 'base': 0.0170415, 'spanA': 0.016441249999999998, 'spanB': 0.0172475, 'currentSpanA': 0.018683500000000002, 'currentSpanB': 0.01675, 'laggingSpanA': 0.017308749999999998, 'laggingSpanB': 0.0165855}"
civic,{'value': 0.159306},{'value': 0.1575609217869344},"{'valueUpperBand': 0.16687361254658117, 'valueMiddleBand': 0.15748299999999996, 'valueLowerBand': 0.14809238745341874}",{'value': 7458678.3999999855},{'value': 37.531768979784815},"{'valueSlowK': 20.117883350426975, 'valueSlowD': 22.747655769315404}",{'value': 0.027324697480057836},"{'valueMACD': -0.002894080988329134, 'valueMACDSignal': -0.0016673547741886362, 'valueMACDHist': -0.001226726214140498}",{'value': 0.1608937647160422},"{'conversion': 0.15475, 'base': 0.156275, 'spanA': 0.15427249999999998, 'spanB': 0.15724, 'currentSpanA': 0.16267500000000001, 'currentSpanB': 0.15733, 'laggingSpanA': 0.15641750000000001, 'laggingSpanB': 0.15543}"
pax-gold,{'value': 1861.7026666666657},{'value': 1861.8224538256595},"{'valueUpperBand': 1876.0973015367733, 'valueMiddleBand': 1861.0064999999988, 'valueLowerBand': 1845.9156984632243}",{'value': -1892.6269869999987},{'value': 49.64140762845345},"{'valueSlowK': 55.16142097261412, 'valueSlowD': 69.98462179621282}",{'value': 0.011243554046624915},"{'valueMACD': 3.164416991511189, 'valueMACDSignal': 2.5930766649618517, 'valueMACDHist': 0.5713403265493371}",{'value': 1849.8849242688552},"{'conversion': 1864.895, 'base': 1863.27, 'spanA': 1864.5375, 'spanB': 1861.75, 'currentSpanA': 1856.4325, 'currentSpanB': 1851.475, 'laggingSpanA': 1845.4075, 'laggingSpanB': 1852}"
tomochain,{'value': 1.3134066666666655},{'value': 1.3051618280430624},"{'valueUpperBand': 1.3575542702018066, 'valueMiddleBand': 1.2944549999999995, 'valueLowerBand': 1.2313557297981923}",{'value': 5742257.709999997},{'value': 39.51835901821369},"{'valueSlowK': 23.79441705394314, 'valueSlowD': 25.923543190802604}",{'value': -0.062397397723024106},"{'valueMACD': -0.01995797672246513, 'valueMACDSignal': -0.0147897139304212, 'valueMACDHist': -0.005168262792043932}",{'value': 1.34202704},"{'conversion': 1.2805, 'base': 1.31165, 'spanA': 1.2954249999999998, 'spanB': 1.3125499999999999, 'currentSpanA': 1.3554249999999999, 'currentSpanB': 1.34555, 'laggingSpanA': 1.336175, 'laggingSpanB': 1.366}"
rlc,{'value': 1.1824000000000003},{'value': 1.1794993990014373},"{'valueUpperBand': 1.2276125219806644, 'valueMiddleBand': 1.1629250000000004, 'valueLowerBand': 1.0982374780193365}",{'value': 6700119.569999996},{'value': 46.816367379023845},"{'valueSlowK': 26.6389824435629, 'valueSlowD': 37.921411310134715}",{'value': -0.008958008548431984},"{'valueMACD': -0.008656912874976053, 'valueMACDSignal': -0.012098221712947372, 'valueMACDHist': 0.0034413088379713196}",{'value': 1.2694},"{'conversion': 1.1773, 'base': 1.1773, 'spanA': 1.1773, 'spanB': 1.1926, 'currentSpanA': 1.2447249999999999, 'currentSpanB': 1.1715499999999999, 'laggingSpanA': 1.153975, 'laggingSpanB': 1.1427}"
utrust,{'value': 0.21822999999999998},{'value': 0.21456395982760879},"{'valueUpperBand': 0.22689192743278802, 'valueMiddleBand': 0.21208500000000005, 'valueLowerBand': 0.19727807256721208}",{'value': 10589120.649999999},{'value': 32.705777530944815},"{'valueSlowK': 21.137361036977442, 'valueSlowD': 25.706240076963528}",{'value': -0.09192592876947625},"{'valueMACD': -0.005905809261494532, 'valueMACDSignal': -0.004816861864660279, 'valueMACDHist': -0.0010889473968342537}",{'value': 0.21513775999999998},"{'conversion': 0.2062, 'base': 0.21755000000000002, 'spanA': 0.211425, 'spanB': 0.21710000000000002, 'currentSpanA': 0.22449999999999998, 'currentSpanB': 0.22705, 'laggingSpanA': 0.22655, 'laggingSpanB': 0.22705}"
pundi-x,{'value': 0.00038292666666666655},{'value': 0.00037990873680156034},"{'valueUpperBand': 0.0003985098900152454, 'valueMiddleBand': 0.0003824849999999999, 'valueLowerBand': 0.0003664601099847544}",{'value': 26416050544},{'value': 43.361072024451914},"{'valueSlowK': 27.90832299604234, 'valueSlowD': 19.512849612694833}",{'value': 0.029942858245801673},"{'valueMACD': -2.1196153220084317e-06, 'valueMACDSignal': -4.766155675819176e-08, 'valueMACDHist': -2.07195376525024e-06}",{'value': 0.0003869876883382122},"{'conversion': 0.0003783, 'base': 0.00038239999999999997, 'spanA': 0.00038035, 'spanB': 0.00038155000000000003, 'currentSpanA': 0.00038134999999999997, 'currentSpanB': 0.0003807, 'laggingSpanA': 0.0003745, 'laggingSpanB': 0.00038345}"
serum,{'value': 1.845863333333334},{'value': 1.8129790813239814},"{'valueUpperBand': 1.9062446983804473, 'valueMiddleBand': 1.7913650000000012, 'valueLowerBand': 1.6764853016195551}",{'value': 15820557.649999985},{'value': 34.38099882563804},"{'valueSlowK': 22.103228701099145, 'valueSlowD': 19.215619665507774}",{'value': -0.005375312297239976},"{'valueMACD': -0.05038670945326551, 'valueMACDSignal': -0.03772524963151838, 'valueMACDHist': -0.012661459821747129}",{'value': 1.7783206},"{'conversion': 1.74185, 'base': 1.831, 'spanA': 1.785225, 'spanB': 1.831, 'currentSpanA': 1.944725, 'currentSpanB': 1.8235000000000001, 'laggingSpanA': 1.8701, 'laggingSpanB': 1.8235000000000001}"
storj,{'value': 0.4098033333333332},{'value': 0.4043834961215496},"{'valueUpperBand': 0.43258953458500765, 'valueMiddleBand': 0.4049799999999996, 'valueLowerBand': 0.3773704654149916}",{'value': 15786116.550000036},{'value': 37.54214092836769},"{'valueSlowK': 20.314127273956945, 'valueSlowD': 22.634861328480287}",{'value': 0.05060576724573718},"{'valueMACD': -0.007735412663593455, 'valueMACDSignal': -0.004154899627912829, 'valueMACDHist': -0.0035805130356806264}",{'value': 0.42146409455604594},"{'conversion': 0.39385000000000003, 'base': 0.4103, 'spanA': 0.402075, 'spanB': 0.4103, 'currentSpanA': 0.409225, 'currentSpanB': 0.41435, 'laggingSpanA': 0.407275, 'laggingSpanB': 0.41435}"
oasis-network,{'value': 0.061653999999999994},{'value': 0.060368870591150744},"{'valueUpperBand': 0.06618485903144647, 'valueMiddleBand': 0.05990250000000002, 'valueLowerBand': 0.05362014096855357}",{'value': 211102231.80000016},{'value': 34.199693320016436},"{'valueSlowK': 20.639482064169627, 'valueSlowD': 18.025299409976366}",{'value': 0.009246340262092367},"{'valueMACD': -0.0023032406775595066, 'valueMACDSignal': -0.0016835822096357895, 'valueMACDHist': -0.0006196584679237171}",{'value': 0.061145172268735726},"{'conversion': 0.05772, 'base': 0.061649999999999996, 'spanA': 0.059685, 'spanB': 0.0643, 'currentSpanA': 0.0649025, 'currentSpanB': 0.06211, 'laggingSpanA': 0.06262000000000001, 'laggingSpanB': 0.059035000000000004}"
iotex,{'value': 0.0090107},{'value': 0.008795882176247409},"{'valueUpperBand': 0.009369532623497222, 'valueMiddleBand': 0.008836350000000012, 'valueLowerBand': 0.008303167376502801}",{'value': 98092236},{'value': 31.561564567218685},"{'valueSlowK': 13.709677907455294, 'valueSlowD': 15.477443344442456}",{'value': 0.12369942858156957},"{'valueMACD': -0.0001518376495823169, 'valueMACDSignal': -7.119448252323541e-05, 'valueMACDHist': -8.06431670590815e-05}",{'value': 0.008624399999999999},"{'conversion': 0.008640499999999999, 'base': 0.009001499999999999, 'spanA': 0.008820999999999999, 'spanB': 0.0089645, 'currentSpanA': 0.0090355, 'currentSpanB': 0.008590500000000001, 'laggingSpanA': 0.008434249999999999, 'laggingSpanB': 0.0082955}"
swipe,{'value': 1.023666666666667},{'value': 1.013440044803073},"{'valueUpperBand': 1.0592128257896238, 'valueMiddleBand': 1.001900000000001, 'valueLowerBand': 0.944587174210378}",{'value': -5747146.836000018},{'value': 37.49293303631156},"{'valueSlowK': 31.338238218333668, 'valueSlowD': 29.25827793793596}",{'value': 0.015285408655785204},"{'valueMACD': -0.024497336765938793, 'valueMACDSignal': -0.019731975683349494, 'valueMACDHist': -0.004765361082589299}",{'value': 1.0004400000000002},"{'conversion': 0.9765, 'base': 1.0150000000000001, 'spanA': 0.9957500000000001, 'spanB': 1.041, 'currentSpanA': 1.08425, 'currentSpanB': 1.0265, 'laggingSpanA': 0.9982500000000001, 'laggingSpanB': 0.9815}"
ardor,{'value': 0.08572333333333328},{'value': 0.08441945966200058},"{'valueUpperBand': 0.08988585868770846, 'valueMiddleBand': 0.0845175000000001, 'valueLowerBand': 0.07914914131229175}",{'value': 5119956.300000004},{'value': 32.74812213361631},"{'valueSlowK': 19.584745370273083, 'valueSlowD': 20.135530385105717}",{'value': 0.04755143074159918},"{'valueMACD': -0.001553296430513218, 'valueMACDSignal': -0.0010550836571360282, 'valueMACDHist': -0.0004982127733771898}",{'value': 0.08333945029771515},"{'conversion': 0.082165, 'base': 0.08519, 'spanA': 0.0836775, 'spanB': 0.085645, 'currentSpanA': 0.08763750000000001, 'currentSpanB': 0.0849, 'laggingSpanA': 0.082785, 'laggingSpanB': 0.083645}"
komodo,{'value': 0.6547800000000008},{'value': 0.6449853519948953},"{'valueUpperBand': 0.6862160466488845, 'valueMiddleBand': 0.6478550000000004, 'valueLowerBand': 0.6094939533511163}",{'value': 995061.0600000008},{'value': 39.534683457987924},"{'valueSlowK': 17.079681275363672, 'valueSlowD': 16.172989898343207}",{'value': 0.1092848402570068},"{'valueMACD': -0.007505084886487823, 'valueMACDSignal': -0.0020123966172956296, 'valueMACDHist': -0.005492688269192194}",{'value': 0.6938499199999999},"{'conversion': 0.6476999999999999, 'base': 0.6577, 'spanA': 0.6527, 'spanB': 0.6577, 'currentSpanA': 0.6386499999999999, 'currentSpanB': 0.6162, 'laggingSpanA': 0.6100000000000001, 'laggingSpanB': 0.6058}"
bitshares,{'value': 0.026533999999999988},{'value': 0.02607296572757931},"{'valueUpperBand': 0.027888159571629177, 'valueMiddleBand': 0.026212500000000024, 'valueLowerBand': 0.02453684042837087}",{'value': 13390292.099999987},{'value': 34.02756899371951},"{'valueSlowK': 19.24642360014512, 'valueSlowD': 16.734634174930278}",{'value': 0.0612985592092663},"{'valueMACD': -0.0004243854455436742, 'valueMACDSignal': -0.00022498073857244092, 'valueMACDHist': -0.0001994047069712333}",{'value': 0.026141396112844235},"{'conversion': 0.025445, 'base': 0.026494999999999998, 'spanA': 0.02597, 'spanB': 0.026494999999999998, 'currentSpanA': 0.026180000000000002, 'currentSpanB': 0.02581, 'laggingSpanA': 0.02528, 'laggingSpanB': 0.025515000000000003}"
wanchain,{'value': 0.423123333333333},{'value': 0.42172367549485823},"{'valueUpperBand': 0.45225974600814745, 'valueMiddleBand': 0.42563500000000043, 'valueLowerBand': 0.3990102539918534}",{'value': 6174999.12},{'value': 49.11661913530857},"{'valueSlowK': 21.40832008479063, 'valueSlowD': 31.590048237789116}",{'value': 0.23640912272113734},"{'valueMACD': 0.006267497334866701, 'valueMACDSignal': 0.007394275599823367, 'valueMACDHist': -0.0011267782649566661}",{'value': 0.415},"{'conversion': 0.441, 'base': 0.441, 'spanA': 0.443175, 'spanB': 0.42765, 'currentSpanA': 0.40097499999999997, 'currentSpanB': 0.38, 'laggingSpanA': 0.3769, 'laggingSpanB': 0.37075}"
yearn-finance-ii,{'value': 2034.5096666666664},{'value': 2005.0827341230317},"{'valueUpperBand': 2109.3230106773162, 'valueMiddleBand': 1973.2974999999997, 'valueLowerBand': 1837.271989322683}",{'value': 15583.061763000007},{'value': 37.08673069343416},"{'valueSlowK': 45.10753803092103, 'valueSlowD': 32.69752874729306}",{'value': -0.05346308338024519},"{'valueMACD': -62.17566092587026, 'valueMACDSignal': -57.11925615741203, 'valueMACDHist': -5.056404768458229}",{'value': 1951.5361084800002},"{'conversion': 1897.285, 'base': 2008.155, 'spanA': 1951.6625, 'spanB': 2120.4, 'currentSpanA': 2243.49, 'currentSpanB': 2157.41, 'laggingSpanA': 2164.5675, 'laggingSpanB': 2124.2200000000003}"
district0x,{'value': 0.11905700000000011},{'value': 0.11829917476500784},"{'valueUpperBand': 0.12288804377411858, 'valueMiddleBand': 0.11787650000000004, 'valueLowerBand': 0.1128649562258815}",{'value': 84748277.4},{'value': 37.53956834423884},"{'valueSlowK': 39.98738191487263, 'valueSlowD': 26.971064655625742}",{'value': -0.043045553866094544},"{'valueMACD': -0.0017887525516846192, 'valueMACDSignal': -0.0012939604433811224, 'valueMACDHist': -0.0004947921083034968}",{'value': 0.10966},"{'conversion': 0.114735, 'base': 0.11680499999999999, 'spanA': 0.11577, 'spanB': 0.119395, 'currentSpanA': 0.12248999999999999, 'currentSpanB': 0.12254999999999999, 'laggingSpanA': 0.1214975, 'laggingSpanB': 0.12221}"
fetch,{'value': 0.09329266666666666},{'value': 0.09225367079139599},"{'valueUpperBand': 0.0990336012261268, 'valueMiddleBand': 0.09224799999999994, 'valueLowerBand': 0.08546239877387309}",{'value': 59534625.29999997},{'value': 34.93624182483753},"{'valueSlowK': 14.10943227792994, 'valueSlowD': 9.322928211831051}",{'value': 0.055383422869592636},"{'valueMACD': -0.001894151631642374, 'valueMACDSignal': -0.0007789130384554685, 'valueMACDHist': -0.0011152385931869056}",{'value': 0.0972282640384},"{'conversion': 0.091255, 'base': 0.09357, 'spanA': 0.09241250000000001, 'spanB': 0.09357, 'currentSpanA': 0.092675, 'currentSpanB': 0.08954, 'laggingSpanA': 0.09256, 'laggingSpanB': 0.08954}"
fantom,{'value': 0.02879199999999998},{'value': 0.02822367108478847},"{'valueUpperBand': 0.02977615557923702, 'valueMiddleBand': 0.02794099999999998, 'valueLowerBand': 0.026105844420762938}",{'value': 249313876.09999993},{'value': 34.21377597400582},"{'valueSlowK': 37.969950232608454, 'valueSlowD': 31.651961844999835}",{'value': -0.04735979009664604},"{'valueMACD': -0.0007541899499702021, 'valueMACDSignal': -0.0006233293770856801, 'valueMACDHist': -0.00013086057288452194}",{'value': 0.027165160010947313},"{'conversion': 0.026935, 'base': 0.02838, 'spanA': 0.027655, 'spanB': 0.028475, 'currentSpanA': 0.0299125, 'currentSpanB': 0.02885, 'laggingSpanA': 0.0294425, 'laggingSpanB': 0.02885}"
irisnet,{'value': 0.067344},{'value': 0.06506413325366028},"{'valueUpperBand': 0.07287683124970767, 'valueMiddleBand': 0.06695099999999997, 'valueLowerBand': 0.06102516875029226}",{'value': 56360936.90000005},{'value': 47.75467489567385},"{'valueSlowK': 42.67149576884108, 'valueSlowD': 30.316375664071717}",{'value': 0.4417587597005834},"{'valueMACD': -0.00017827503050137083, 'valueMACDSignal': 0.000910076492071175, 'valueMACDHist': -0.001088351522572546}",{'value': 0.07114442030080001},"{'conversion': 0.06565, 'base': 0.06777999999999999, 'spanA': 0.0666325, 'spanB': 0.06462999999999999, 'currentSpanA': 0.06548499999999999, 'currentSpanB': 0.06273, 'laggingSpanA': 0.053747500000000004, 'laggingSpanB': 0.053345000000000004}"
just,{'value': 0.028751666666666665},{'value': 0.02846458417472599},"{'valueUpperBand': 0.029844807426896856, 'valueMiddleBand': 0.028326000000000018, 'valueLowerBand': 0.02680719257310318}",{'value': 86151363.79999998},{'value': 36.80935536988565},"{'valueSlowK': 30.44539290075008, 'valueSlowD': 22.098937529242885}",{'value': -0.00678298895328},"{'valueMACD': -0.000562328746916755, 'valueMACDSignal': -0.00044433160630573295, 'valueMACDHist': -0.00011799714061102201}",{'value': 0.02824363232},"{'conversion': 0.027479999999999997, 'base': 0.02818, 'spanA': 0.02783, 'spanB': 0.028999999999999998, 'currentSpanA': 0.030025000000000003, 'currentSpanB': 0.02878, 'laggingSpanA': 0.028902499999999998, 'laggingSpanB': 0.028405}"
harmony,{'value': 0.007578333333333334},{'value': 0.007485820763338445},"{'valueUpperBand': 0.00786957548274839, 'valueMiddleBand': 0.007486999999999995, 'valueLowerBand': 0.007104424517251602}",{'value': 901716828.7000008},{'value': 33.97646124552642},"{'valueSlowK': 22.768031189083846, 'valueSlowD': 13.261858349577599}",{'value': 0.06552780762896226},"{'valueMACD': -0.00012275269588027903, 'valueMACDSignal': -6.592976475341276e-05, 'valueMACDHist': -5.682293112686626e-05}",{'value': 0.007608407283479333},"{'conversion': 0.0073, 'base': 0.00756, 'spanA': 0.007375, 'spanB': 0.0075049999999999995, 'currentSpanA': 0.0076225, 'currentSpanB': 0.007295, 'laggingSpanA': 0.007355, 'laggingSpanB': 0.007295}"
just,{'value': 0.028671999999999996},{'value': 0.028399772292485605},"{'valueUpperBand': 0.02974330528465093, 'valueMiddleBand': 0.02823800000000002, 'valueLowerBand': 0.02673269471534911}",{'value': 86285730.7},{'value': 37.64422588698728},"{'valueSlowK': 50.40297917412577, 'valueSlowD': 33.486564290535796}",{'value': -0.015971202900111336},"{'valueMACD': -0.0005483317851912445, 'valueMACDSignal': -0.0004651316420828353, 'valueMACDHist': -8.32001431084092e-05}",{'value': 0.0281390143808},"{'conversion': 0.027479999999999997, 'base': 0.02818, 'spanA': 0.02783, 'spanB': 0.028999999999999998, 'currentSpanA': 0.029965, 'currentSpanB': 0.02878, 'laggingSpanA': 0.028902499999999998, 'laggingSpanB': 0.028405}"
travala,{'value': 1.3958000000000006},{'value': 1.3754156919406237},"{'valueUpperBand': 1.484500996241133, 'valueMiddleBand': 1.370635000000001, 'valueLowerBand': 1.2567690037588688}",{'value': 3294806.5900000012},{'value': 39.765272022733264},"{'valueSlowK': 36.84778908544081, 'valueSlowD': 26.091470679743296}",{'value': -0.01120306891807532},"{'valueMACD': -0.03599925449559205, 'valueMACDSignal': -0.02857126339950456, 'valueMACDHist': -0.007427991096087487}",{'value': 1.3476116478016003},"{'conversion': 1.35305, 'base': 1.3776000000000002, 'spanA': 1.3487250000000002, 'spanB': 1.4156, 'currentSpanA': 1.47045, 'currentSpanB': 1.4435, 'laggingSpanA': 1.457275, 'laggingSpanB': 1.4180000000000001}"
irisnet,{'value': 0.06739833333333335},{'value': 0.06500630155571341},"{'valueUpperBand': 0.07292573244947435, 'valueMiddleBand': 0.0668985, 'valueLowerBand': 0.060871267550525646}",{'value': 57544441.90000005},{'value': 49.35810193836372},"{'valueSlowK': 58.05133427233684, 'valueSlowD': 43.26135584914062}",{'value': 0.4276501646402808},"{'valueMACD': -0.00023650086439722107, 'valueMACDSignal': 0.0006713160065324805, 'valueMACDHist': -0.0009078168709297016}",{'value': 0.070630643488768},"{'conversion': 0.06565, 'base': 0.067615, 'spanA': 0.0666325, 'spanB': 0.06462999999999999, 'currentSpanA': 0.065535, 'currentSpanB': 0.06293499999999999, 'laggingSpanA': 0.053747500000000004, 'laggingSpanB': 0.053345000000000004}"
ankr,{'value': 0.00935690000000001},{'value': 0.009289725764462955},"{'valueUpperBand': 0.00958003267156639, 'valueMiddleBand': 0.009229750000000004, 'valueLowerBand': 0.008879467328433617}",{'value': 113304157},{'value': 42.98591007135031},"{'valueSlowK': 58.02332019608747, 'valueSlowD': 43.33198300223}",{'value': -0.03291211008538131},"{'valueMACD': -0.00012103059350125275, 'valueMACDSignal': -0.00011389008459748557, 'valueMACDHist': -7.140508903767179e-06}",{'value': 0.0093227562624},"{'conversion': 0.009087000000000001, 'base': 0.0092515, 'spanA': 0.00916925, 'spanB': 0.0092995, 'currentSpanA': 0.00957825, 'currentSpanB': 0.009425, 'laggingSpanA': 0.0095585, 'laggingSpanB': 0.009425}"
hive-blockchain,{'value': 0.13491333333333336},{'value': 0.13397343029788172},"{'valueUpperBand': 0.13854852688528005, 'valueMiddleBand': 0.13375500000000012, 'valueLowerBand': 0.1289614731147202}",{'value': 8145707.0100000035},{'value': 53.29755879080683},"{'valueSlowK': 65.75137942226549, 'valueSlowD': 46.651729469205726}",{'value': 0.025360195103019123},"{'valueMACD': -0.0009204793279665724, 'valueMACDSignal': -0.0009577946673343508, 'valueMACDHist': 3.731533936777846e-05}",{'value': 0.13563541680000002},"{'conversion': 0.13215, 'base': 0.13335000000000002, 'spanA': 0.13275, 'spanB': 0.13440000000000002, 'currentSpanA': 0.137025, 'currentSpanB': 0.13195, 'laggingSpanA': 0.130475, 'laggingSpanB': 0.1391}"
stratis,{'value': 0.5768999999999996},{'value': 0.5616960487813828},"{'valueUpperBand': 0.6152396347545689, 'valueMiddleBand': 0.5632200000000003, 'valueLowerBand': 0.5112003652454317}",{'value': 2717531.3599999966},{'value': 40.97868389424853},"{'valueSlowK': 53.63849019533584, 'valueSlowD': 35.86966670253212}",{'value': 0.0981754223163156},"{'valueMACD': -0.013469447934134293, 'valueMACDSignal': -0.00924852036040373, 'valueMACDHist': -0.004220927573730562}",{'value': 0.567743673578702},"{'conversion': 0.5409999999999999, 'base': 0.575, 'spanA': 0.5579999999999999, 'spanB': 0.575, 'currentSpanA': 0.5794250000000001, 'currentSpanB': 0.55155, 'laggingSpanA': 0.5366, 'laggingSpanB': 0.53355}"
dia,{'value': 1.7771333333333321},{'value': 1.784989481017031},"{'valueUpperBand': 1.9491574568018328, 'valueMiddleBand': 1.7922499999999986, 'valueLowerBand': 1.6353425431981643}",{'value': 3924574.939999997},{'value': 50.62167453964719},"{'valueSlowK': 37.01838603418269, 'valueSlowD': 26.24975790755309}",{'value': 0.1433710631789209},"{'valueMACD': 0.02052049494225039, 'valueMACDSignal': 0.026591233163590862, 'valueMACDHist': -0.006070738221340473}",{'value': 2.060520064},"{'conversion': 1.895, 'base': 1.8775, 'spanA': 1.88625, 'spanB': 1.869, 'currentSpanA': 1.713, 'currentSpanB': 1.6909999999999998, 'laggingSpanA': 1.73125, 'laggingSpanB': 1.6865}"
aion,{'value': 0.09143333333333331},{'value': 0.09138061037738954},"{'valueUpperBand': 0.09830671361488466, 'valueMiddleBand': 0.09026000000000006, 'valueLowerBand': 0.08221328638511546}",{'value': 10175286.140000004},{'value': 57.68787924168552},"{'valueSlowK': 78.27813793642105, 'valueSlowD': 59.74854484559226}",{'value': 0.0666279087188526},"{'valueMACD': 0.0010350569188803393, 'valueMACDSignal': 0.00013967242747069513, 'valueMACDHist': 0.0008953844914096443}",{'value': 0.086148},"{'conversion': 0.0921, 'base': 0.09029999999999999, 'spanA': 0.092, 'spanB': 0.0911, 'currentSpanA': 0.09305, 'currentSpanB': 0.08935, 'laggingSpanA': 0.08745, 'laggingSpanB': 0.08665}"
tellor,{'value': 29.12599999999998},{'value': 28.73621219550981},"{'valueUpperBand': 29.954753705300103, 'valueMiddleBand': 28.106050000000018, 'valueLowerBand': 26.257346294699932}",{'value': 255588.49000000017},{'value': 44.23776116526444},"{'valueSlowK': 46.30346374696669, 'valueSlowD': 36.46124360188232}",{'value': -0.11392103390424069},"{'valueMACD': -0.792572219646722, 'valueMACDSignal': -0.806546319371541, 'valueMACDHist': 0.013974099724819}",{'value': 25.63516},"{'conversion': 27.909, 'base': 28.925, 'spanA': 28.417, 'spanB': 29.101, 'currentSpanA': 31.25, 'currentSpanB': 29.976, 'laggingSpanA': 31.202499999999997, 'laggingSpanB': 29.976}"
vethor-token,{'value': 0.0014240666666666658},{'value': 0.0013933579211429846},"{'valueUpperBand': 0.0015379529495506078, 'valueMiddleBand': 0.0013892, 'valueLowerBand': 0.001240447050449392}",{'value': 4964276955},{'value': 45.72823131126661},"{'valueSlowK': 50.54945054945054, 'valueSlowD': 45.16430561578099}",{'value': 0.4973855024117624},"{'valueMACD': -2.546158327410659e-05, 'valueMACDSignal': -1.9309752466199997e-05, 'valueMACDHist': -6.151830807906594e-06}",{'value': 0.0015103865212928002},"{'conversion': 0.0014135, 'base': 0.00146, 'spanA': 0.00143675, 'spanB': 0.0016075, 'currentSpanA': 0.001604, 'currentSpanB': 0.0014405, 'laggingSpanA': 0.001191, 'laggingSpanB': 0.001174}"
crypto-com,{'value': 2.800100000000002},{'value': 2.8165569368947274},"{'valueUpperBand': 2.918915786633254, 'valueMiddleBand': 2.7823999999999973, 'valueLowerBand': 2.645884213366741}",{'value': -105352.29699999998},{'value': 41.6694985401668},"{'valueSlowK': 72.41767520405324, 'valueSlowD': 78.0851334788447}",{'value': -0.2718426378477079},"{'valueMACD': -0.047746881992653645, 'valueMACDSignal': -0.05545663908859949, 'valueMACDHist': 0.007709757095945846}",{'value': 2.8558426698767483},"{'conversion': 2.7249999999999996, 'base': 2.826, 'spanA': 2.7755, 'spanB': 2.9855, 'currentSpanA': 2.98075, 'currentSpanB': 3.2405, 'laggingSpanA': 3.2505, 'laggingSpanB': 3.2965}"
streamr,{'value': 0.05431366666666664},{'value': 0.054654633535778034},"{'valueUpperBand': 0.061260225802125416, 'valueMiddleBand': 0.05536999999999993, 'valueLowerBand': 0.04947977419787445}",{'value': 61689533.00000001},{'value': 50.29184844991478},"{'valueSlowK': 47.97964468806398, 'valueSlowD': 34.42502444088}",{'value': 0.15781019249321293},"{'valueMACD': 0.0007853210661016921, 'valueMACDSignal': 0.0010609441740397126, 'valueMACDHist': -0.0002756231079380205}",{'value': 0.066812232848},"{'conversion': 0.06035, 'base': 0.059375000000000004, 'spanA': 0.0598625, 'spanB': 0.059375000000000004, 'currentSpanA': 0.0518025, 'currentSpanB': 0.050420000000000006, 'laggingSpanA': 0.0511, 'laggingSpanB': 0.05116}"
akropolis,{'value': 0.017422566666666663},{'value': 0.016833210158123436},"{'valueUpperBand': 0.01866780517240561, 'valueMiddleBand': 0.016951000000000004, 'valueLowerBand': 0.015234194827594397}",{'value': 302061300},{'value': 40.02968219393465},"{'valueSlowK': 55.24377680275645, 'valueSlowD': 48.317791626865464}",{'value': 0.20585050991304144},"{'valueMACD': -0.00038473410458748913, 'valueMACDSignal': -0.00024988139502869815, 'valueMACDHist': -0.00013485270955879098}",{'value': 0.01685},"{'conversion': 0.016300000000000002, 'base': 0.017308, 'spanA': 0.016804, 'spanB': 0.0178, 'currentSpanA': 0.017954249999999998, 'currentSpanB': 0.016707, 'laggingSpanA': 0.01659975, 'laggingSpanB': 0.014943}"
susd,{'value': 1.0051633333333339},{'value': 1.0053096358011},"{'valueUpperBand': 1.0109597446046312, 'valueMiddleBand': 1.0056250000000007, 'valueLowerBand': 1.00029025539537}",{'value': -4681025.280000004},{'value': 50.457468739139564},"{'valueSlowK': 10.774428274430852, 'valueSlowD': 17.959707226070723}",{'value': 0.0053164367540992075},"{'valueMACD': 0.0006326319709626382, 'valueMACDSignal': 0.0006931070988456123, 'valueMACDHist': -6.0475127882974114e-05}",{'value': 1.0028858048745715},"{'conversion': 1.00865, 'base': 1.00805, 'spanA': 1.00845, 'spanB': 1.00765, 'currentSpanA': 1.0069, 'currentSpanB': 1.00605, 'laggingSpanA': 1.003075, 'laggingSpanB': 1.00275}"
bittorrent,{'value': 0.0003725933333333332},{'value': 0.0003678147853333275},"{'valueUpperBand': 0.0003830964281180134, 'valueMiddleBand': 0.0003690300000000001, 'valueLowerBand': 0.00035496357188198683}",{'value': 21196965742},{'value': 39.535036699479015},"{'valueSlowK': 22.108022756341388, 'valueSlowD': 32.488723515720935}",{'value': 0.05699349100396489},"{'valueMACD': -3.4146326394109963e-06, 'valueMACDSignal': -1.59260943331001e-06, 'valueMACDHist': -1.8220232061009862e-06}",{'value': 0.0003669388036682506},"{'conversion': 0.0003635, 'base': 0.00037845, 'spanA': 0.0003681, 'spanB': 0.00037845, 'currentSpanA': 0.00038195, 'currentSpanB': 0.00037465, 'laggingSpanA': 0.000360925, 'laggingSpanB': 0.0003615}"
enjin-coin,{'value': 0.3726833333333334},{'value': 0.3691018769229341},"{'valueUpperBand': 0.44693169076530226, 'valueMiddleBand': 0.38944799999999985, 'valueLowerBand': 0.33196430923469744}",{'value': 181732527.49999997},{'value': 57.080584127077},"{'valueSlowK': 36.07570382786212, 'valueSlowD': 38.28944981402952}",{'value': 1.0309647251493415},"{'valueMACD': 0.022325884966628906, 'valueMACDSignal': 0.02702000608817575, 'valueMACDHist': -0.0046941211215468445}",{'value': 0.3579012676487776},"{'conversion': 0.41292, 'base': 0.38024, 'spanA': 0.40221, 'spanB': 0.3511, 'currentSpanA': 0.28179, 'currentSpanB': 0.274045, 'laggingSpanA': 0.2432825, 'laggingSpanB': 0.24267}"
horizen,{'value': 29.46376666666666},{'value': 29.4706149472293},"{'valueUpperBand': 30.550903209578372, 'valueMiddleBand': 29.268799999999956, 'valueLowerBand': 27.98669679042154}",{'value': 806381.4880000001},{'value': 45.93407404158148},"{'valueSlowK': 24.866275128938835, 'valueSlowD': 43.72341729114482}",{'value': 0.07554035651153868},"{'valueMACD': -0.1462070927738992, 'valueMACDSignal': -0.18221549094593487, 'valueMACDHist': 0.03600839817203566}",{'value': 27.9076954059776},"{'conversion': 29.054499999999997, 'base': 29.4335, 'spanA': 29.244, 'spanB': 30.018, 'currentSpanA': 30.566750000000003, 'currentSpanB': 28.490499999999997, 'laggingSpanA': 29.813, 'laggingSpanB': 28.490499999999997}"
fetch,{'value': 0.09329266666666666},{'value': 0.09225367079139599},"{'valueUpperBand': 0.0990336012261268, 'valueMiddleBand': 0.09224799999999994, 'valueLowerBand': 0.08546239877387309}",{'value': 59534625.29999997},{'value': 34.93624182483753},"{'valueSlowK': 14.10943227792994, 'valueSlowD': 9.322928211831051}",{'value': 0.055383422869592636},"{'valueMACD': -0.001894151631642374, 'valueMACDSignal': -0.0007789130384554685, 'valueMACDHist': -0.0011152385931869056}",{'value': 0.0972282640384},"{'conversion': 0.091255, 'base': 0.09357, 'spanA': 0.09241250000000001, 'spanB': 0.09357, 'currentSpanA': 0.092675, 'currentSpanB': 0.08954, 'laggingSpanA': 0.09256, 'laggingSpanB': 0.08954}"
fantom,{'value': 0.02879199999999998},{'value': 0.02822367108478847},"{'valueUpperBand': 0.02977615557923702, 'valueMiddleBand': 0.02794099999999998, 'valueLowerBand': 0.026105844420762938}",{'value': 249313876.09999993},{'value': 34.21377597400582},"{'valueSlowK': 37.969950232608454, 'valueSlowD': 31.651961844999835}",{'value': -0.04735979009664604},"{'valueMACD': -0.0007541899499702021, 'valueMACDSignal': -0.0006233293770856801, 'valueMACDHist': -0.00013086057288452194}",{'value': 0.027165160010947313},"{'conversion': 0.026935, 'base': 0.02838, 'spanA': 0.027655, 'spanB': 0.028475, 'currentSpanA': 0.0299125, 'currentSpanB': 0.02885, 'laggingSpanA': 0.0294425, 'laggingSpanB': 0.02885}"
celo,{'value': 2.197646666666664},{'value': 2.2090712153874255},"{'valueUpperBand': 2.3181814577918347, 'valueMiddleBand': 2.198865000000001, 'valueLowerBand': 2.079548542208167}",{'value': -2502038.009999997},{'value': 52.70066820312588},"{'valueSlowK': 44.916230492755574, 'valueSlowD': 55.14402186924347}",{'value': 0.02708796646417877},"{'valueMACD': 0.01650118872417128, 'valueMACDSignal': 0.0009353229947866612, 'valueMACDHist': 0.015565865729384617}",{'value': 2.1350076479999998},"{'conversion': 2.36985, 'base': 2.36985, 'spanA': 2.36985, 'spanB': 2.36985, 'currentSpanA': 2.25575, 'currentSpanB': 2.2364, 'laggingSpanA': 2.1727749999999997, 'laggingSpanB': 2.15605}"
nano,{'value': 3.5263500000000003},{'value': 3.4833928633577136},"{'valueUpperBand': 3.7049495425593344, 'valueMiddleBand': 3.4819700000000022, 'valueLowerBand': 3.25899045744067}",{'value': 13335846.329999998},{'value': 34.041617388722415},"{'valueSlowK': 33.54099011798029, 'valueSlowD': 46.74556150525233}",{'value': 0.021828970774229184},"{'valueMACD': -0.06685548115284634, 'valueMACDSignal': -0.04066724625587655, 'valueMACDHist': -0.026188234896969788}",{'value': 3.511560707823014},"{'conversion': 3.3659499999999998, 'base': 3.4486499999999998, 'spanA': 3.368275, 'spanB': 3.496, 'currentSpanA': 3.62325, 'currentSpanB': 3.556, 'laggingSpanA': 3.424975, 'laggingSpanB': 3.50515}"
terra-luna,{'value': 0.9279600000000005},{'value': 0.9076879314230143},"{'valueUpperBand': 0.9440157832575804, 'valueMiddleBand': 0.9223749999999996, 'valueLowerBand': 0.9007342167424188}",{'value': 22416058.150000006},{'value': 48.92066898162787},"{'valueSlowK': 23.375799136993223, 'valueSlowD': 41.2842498240001}",{'value': 0.27685001522517183},"{'valueMACD': 0.007100617285887401, 'valueMACDSignal': 0.011468083544328898, 'valueMACDHist': -0.004367466258441498}",{'value': 0.955898396667184},"{'conversion': 0.925, 'base': 0.9489000000000001, 'spanA': 0.9389750000000001, 'spanB': 0.8959, 'currentSpanA': 0.8654999999999999, 'currentSpanB': 0.8440000000000001, 'laggingSpanA': 0.79625, 'laggingSpanB': 0.7884500000000001}"
civic,{'value': 0.159306},{'value': 0.1575609217869344},"{'valueUpperBand': 0.16687361254658117, 'valueMiddleBand': 0.15748299999999996, 'valueLowerBand': 0.14809238745341874}",{'value': 7458678.3999999855},{'value': 37.531768979784815},"{'valueSlowK': 20.117883350426975, 'valueSlowD': 22.747655769315404}",{'value': 0.027324697480057836},"{'valueMACD': -0.002894080988329134, 'valueMACDSignal': -0.0016673547741886362, 'valueMACDHist': -0.001226726214140498}",{'value': 0.1608937647160422},"{'conversion': 0.15475, 'base': 0.156275, 'spanA': 0.15427249999999998, 'spanB': 0.15724, 'currentSpanA': 0.16267500000000001, 'currentSpanB': 0.15733, 'laggingSpanA': 0.15641750000000001, 'laggingSpanB': 0.15543}"
pax-gold,{'value': 1861.7026666666657},{'value': 1861.8224538256595},"{'valueUpperBand': 1876.0973015367733, 'valueMiddleBand': 1861.0064999999988, 'valueLowerBand': 1845.9156984632243}",{'value': -1892.6269869999987},{'value': 49.64140762845345},"{'valueSlowK': 55.16142097261412, 'valueSlowD': 69.98462179621282}",{'value': 0.011243554046624915},"{'valueMACD': 3.164416991511189, 'valueMACDSignal': 2.5930766649618517, 'valueMACDHist': 0.5713403265493371}",{'value': 1849.8849242688552},"{'conversion': 1864.895, 'base': 1863.27, 'spanA': 1864.5375, 'spanB': 1861.75, 'currentSpanA': 1856.4325, 'currentSpanB': 1851.475, 'laggingSpanA': 1845.4075, 'laggingSpanB': 1852}"
tomochain,{'value': 1.3134066666666655},{'value': 1.3051618280430624},"{'valueUpperBand': 1.3575542702018066, 'valueMiddleBand': 1.2944549999999995, 'valueLowerBand': 1.2313557297981923}",{'value': 5742257.709999997},{'value': 39.51835901821369},"{'valueSlowK': 23.79441705394314, 'valueSlowD': 25.923543190802604}",{'value': -0.062397397723024106},"{'valueMACD': -0.01995797672246513, 'valueMACDSignal': -0.0147897139304212, 'valueMACDHist': -0.005168262792043932}",{'value': 1.34202704},"{'conversion': 1.2805, 'base': 1.31165, 'spanA': 1.2954249999999998, 'spanB': 1.3125499999999999, 'currentSpanA': 1.3554249999999999, 'currentSpanB': 1.34555, 'laggingSpanA': 1.336175, 'laggingSpanB': 1.366}"
