['bitcoin', 'BTC']
['ethereum', 'ETH']
['tether', 'USDT']
['polkadot-new', 'DOT']
['xrp', 'XRP']
['cardano', 'ADA']
['litecoin', 'LTC']
['bitcoin-cash', 'BCH']
['chainlink', 'LINK']
['binance-coin', 'BNB']
['stellar', 'XLM']
['usd-coin', 'USDC']
['wrapped-bitcoin', 'WBTC']
['bitcoin-sv', 'BSV']
['monero', 'XMR']
['eos', 'EOS']
['uniswap', 'UNI']
['aave', 'AAVE']
['tron', 'TRX']
['vechain', 'VET']
['nem', 'XEM']
['tezos', 'XTZ']
['theta', 'THETA']
['crypto-com-coin', 'CRO']
['cosmos', 'ATOM']
['neo', 'NEO']
['synthetix-network-token', 'SNX']
['multi-collateral-dai', 'DAI']
['unus-sed-leo', 'LEO']
['iota', 'MIOTA']
['maker', 'MKR']
['binance-usd', 'BUSD']
['dogecoin', 'DOGE']
['dash', 'DASH']
['huobi-token', 'HT']
['revain', 'REV']
['zcash', 'ZEC']
['celsius', 'CEL']
['filecoin', 'FIL']
['avalanche', 'AVAX']
['yearn-finance', 'YFI']
['ftx-token', 'FTT']
['solana', 'SOL']
['ethereum-classic', 'ETC']
['kusama', 'KSM']
['compound', 'COMP']
['sushiswap', 'SUSHI']
['zilliqa', 'ZIL']
['hedera-hashgraph', 'HBAR']
['waves', 'WAVES']
['decred', 'DCR']
['elrond-egld', 'EGLD']
['near-protocol', 'NEAR']
['the-graph', 'GRT']
['ren', 'REN']
['algorand', 'ALGO']
['uma', 'UMA']
['loopring', 'LRC']
['omg', 'OMG']
['ontology', 'ONT']
['renbtc', 'RENBTC']
['celo', 'CELO']
['hedgetrade', 'HEDG']
['icon', 'ICX']
['trueusd', 'TUSD']
['terra-luna', 'LUNA']
['nano', 'NANO']
['0x', 'ZRX']
['basic-attention-token', 'BAT']
['nexo', 'NEXO']
['okb', 'OKB']
['curve-dao-token', 'CRV']
['digibyte', 'DGB']
['reserve-rights', 'RSR']
['bittorrent', 'BTT']
['blockstack', 'STX']
['husd', 'HUSD']
['horizen', 'ZEN']
['enjin-coin', 'ENJ']
['qtum', 'QTUM']
['kyber-network', 'KNC']
['thorchain', 'RUNE']
['iostoken', 'IOST']
['swissborg', 'CHSB']
['paxos-standard', 'PAX']
['energy-web-token', 'EWT']
['nxm', 'NXM']
['bitcoin-bep2', 'BTCB']
['ocean-protocol', 'OCEAN']
['siacoin', 'SC']
['quant', 'QNT']
['terrausd', 'UST']
['voyager-token', 'VGX']
['augur', 'REP']
['bitcoin-gold', 'BTG']
['ampleforth', 'AMPL']
['verge', 'XVG']
['decentraland', 'MANA']
['status', 'SNT']
['band-protocol', 'BAND']
['lisk', 'LSK']
['bancor', 'BNT']
['abbc-coin', 'ABBC']
['gnosis-gno', 'GNO']
['arweave', 'AR']
['matic-network', 'MATIC']
['aragon', 'ANT']
['balancer', 'BAL']
['theta-fuel', 'TFUEL']
['ravencoin', 'RVN']
['zb-token', 'ZB']
['maidsafecoin', 'MAID']
['bitcoin-diamond', 'BCD']
['1inch', '1INCH']
['numeraire', 'NMR']
['alpha-finance-lab', 'ALPHA']
['golem-network-tokens', 'GLM']
['injective-protocol', 'INJ']
['rsk-infrastructure-framework', 'RIF']
['chiliz', 'CHZ']
['pax-gold', 'PAXG']
['holo', 'HOT']
['nervos-network', 'CKB']
['funfair', 'FUN']
['helium', 'HNT']
['monacoin', 'MONA']
['orchid', 'OXT']
['cybervein', 'CVT']
['rlc', 'RLC']
['civic', 'CVC']
['kava', 'KAVA']
['tomochain', 'TOMO']
['unibright', 'UBT']
['bytom', 'BTM']
['utrust', 'UTK']
['secret', 'SCRT']
['oasis-network', 'ROSE']
['kucoin-token', 'KCS']
['storj', 'STORJ']
['pundi-x', 'NPXS']
['serum', 'SRM']
['ardor', 'ARDR']
['swipe', 'SXP']
['velas', 'VLX']
['iotex', 'IOTX']
['komodo', 'KMD']
['ankr', 'ANKR']
['kleros', 'PNK']
['steem', 'STEEM']
['bitshares', 'BTS']
['aelf', 'ELF']
['yearn-finance-ii', 'YFII']
['fantom', 'FTM']
['wanchain', 'WAN']
['dxchain-token', 'DX']
['kin', 'KIN']
['syntropy', 'NOIA']
['travala', 'AVA']
['irisnet', 'IRIS']
['district0x', 'DNT']
['fetch', 'FET']
['harmony', 'ONE']
['wax', 'WAXP']
['waykichain', 'WICC']
['xdai', 'STAKE']
['just', 'JST']
['lto-network', 'LTO']
['hive-blockchain', 'HIVE']
['energi', 'NRG']
['melon', 'MLN']
['singularitynet', 'AGI']
['origintrail', 'TRAC']
['keep3rv1', 'KP3R']
['library-credit', 'LBC']
['electroneum', 'ETN']
['syscoin', 'SYS']
['stratis', 'STRAX']
['ark', 'ARK']
['firo', 'FIRO']
['polymath-network', 'POLY']
['loom-network', 'LOOM']
['divi', 'DIVI']
['dia', 'DIA']
['power-ledger', 'POWR']
['handshake', 'HNS']
['trustswap', 'SWAP']
['uquid-coin', 'UQC']
['aidos-kuneen', 'ADK']
['populous', 'PPT']
['crypto-com', 'MCO']
['ultra', 'UOS']
['adx-net', 'ADX']
['tellor', 'TRB']
['haven-protocol', 'XHV']
['aion', 'AION']
['vethor-token', 'VTHO']
['everipedia', 'IQ']
['origin-protocol', 'OGN']
['bzx-protocol', 'BZRX']
['quarkchain', 'QKC']
['counos-x', 'CCXX']
['hex', 'HEX']
['ize', 'IZE']
['defichain', 'DFI']
['ino-coin', 'INO']
['insight-chain', 'INB']
['thorecoin', 'THR']
['creditcoin', 'CTC']
['basid-coin', 'BASID']
['botxcoin', 'BOTX']
['zelwin', 'ZLW']
['bitcoin-cash-abc-2', 'BCHA']
['cipher-core-token', 'CIPHC']
['empty-set-dollar', 'ESD']
['stpay', 'STP']
['largo-coin', 'LRG']
['helper-search-token', 'HSN']
['sologenic', 'SOLO']
['huobi-btc', 'HBTC']
['yusra', 'YUSRA']
['vitae', 'VITAE']
['susd', 'SUSD']
['bitpanda-ecosystem-token', 'BEST']
['whitecoin', 'XWC']
['doctors-coin', 'DRS']
['elitium', 'EUM']
['chimpion', 'BNANA']
['parsiq', 'PRQ']
['bridge-oracle', 'BRG']
['keep-network', 'KEEP']
['frax', 'FRAX']
['darma-cash', 'DMCH']
['mobilian-coin', 'MBN']
['neutrino-usd', 'USDN']
['newyork-exchange', 'NYE']
['bloomzed-token', 'BLCT']
['perpetual-protocol', 'PERP']
['tratin', 'TRAT']
['tnc-coin', 'TNC']
['mimblewimblecoin', 'MWC']
['idea-chain-coin', 'ICH']
['cryptobucks', 'CBUCKS']
['metacoin', 'MTC']
['joule', 'JUL']
['hegic', 'HEGIC']
['greenpower', 'GRN']
['dimension-chain', 'EON']
['the-sandbox', 'SAND']
['gny', 'GNY']
['xenioscoin', 'XNC']
['wbnb', 'WBNB']
['nucypher', 'NU']
['mixin', 'XIN']
['cryptonex', 'CNX']
['edgeware', 'EDG']
['rakon', 'RKN']
['xinfin-network', 'XDC']
['helleniccoin', 'HNC']
['pancakeswap', 'CAKE']
['beldex', 'BDX']
['qcash', 'QC']
['eauric', 'EAURIC']
['strong', 'STRONG']
['skale-network', 'SKL']
['math', 'MATH']
['baer-chain', 'BRC']
['amp', 'AMP']
['mindol', 'MIN']
['coinmetro-token', 'XCM']
['yamv1', 'YAM']
['axel', 'AXEL']
['homeros', 'HMR']
['polkastarter', 'POLS']
['the-transfer-token', 'TTT']
['reef', 'REEF']
['api3', 'API3']
['bonorum', 'BONO']
['cryptaldash', 'CRD']
['attila', 'ATT']
['terra-krw', 'KRT']
['akash-network', 'AKT']
['nest-protocol', 'NEST']
['c20', 'C20']
['bithao', 'BHAO']
['mirror-protocol', 'MIR']
['sora', 'XOR']
['waves-enterprise', 'WEST']
['poseidon-network', 'QQQ']
['advanced-internet-blocks', 'AIB']
['harvest-finance', 'FARM']
['rewardiqa', 'REW']
['kardiachain', 'KAI']
['efforce', 'WOZX']
['chainx', 'PCX']
['bitball-treasure', 'BTRS']
['massnet', 'MASS']
['sport-and-leisure', 'SNL']
['orion-protocol', 'ORN']
['bitmax-token', 'BTMX']
['stakenet', 'XSN']
['livepeer', 'LPT']
['centrality', 'CENNZ']
['ferrum-network', 'FRM']
['troy', 'TROY']
['venus', 'XVS']
['cvault-finance', 'CORE']
['elastos', 'ELA']
['orbit-chain', 'ORC']
['nimiq', 'NIM']
['phala-network', 'PHA']
['coti', 'COTI']
['morpheus-network', 'MRPH']
['stasis-euro', 'EURS']
['streamr', 'DATA']
['axie-infinity', 'AXS']
['celer-network', 'CELR']
['sun', 'SUN']
['mxc', 'MXC']
['saffron-finance', 'SFI']
['veritaseum', 'VERI']
['titanswap', 'TITAN']
['frax-share', 'FXS']
['solve', 'SOLVE']
['gatetoken', 'GT']
['btu-protocol', 'BTU']
['sharetoken', 'SHR']
['akropolis', 'AKRO']
['the-midas-touch-gold', 'TMTG']
['trust-wallet-token', 'TWT']
['mainframe', 'MFT']
['orbs', 'ORBS']
['1irstcoin', 'FST']
['hxro', 'HXRO']
['truefi-token', 'TRU']
['meta', 'MTA']
['mstable-usd', 'MUSD']
['steth', 'STETH']
['rocket-pool', 'RPL']
['ramp', 'RAMP']
['bhex-token', 'BHC']
['yflink', 'YFL']
['telcoin', 'TEL']
['request', 'REQ']
['bluzelle', 'BLZ']
['bankera', 'BNK']
['v-systems', 'VSYS']
['beam', 'BEAM']
['redd', 'RDD']
['ankreth', 'aEth']
['super-zero-protocol', 'SERO']
['celo-dollar', 'CUSD']
['darwinia-network', 'RING']
['hard-protocol', 'HARD']
['hypercash', 'HC']
['sapphire', 'SAPP']
['safex-token', 'SFT']
['gifto', 'GTO']
['extstock-token', 'XT']
['ignis', 'IGNIS']
['cocos-bcx', 'COCOS']
['digixdao', 'DGD']
['usdk', 'USDK']
['stem-cell-coin', 'SCC']
['bitcoinpos', 'BPS']
['vidt-datalink', 'VIDT']
['bytecoin-bcn', 'BCN']
['new-year-bull', 'NYB']
['cortex', 'CTXC']
['oxen', 'LOKI']
['mvl', 'MVL']
['lambda', 'LAMB']
['thunder-token', 'TT']
['cryptoindex-com-100', 'CIX100']
['certik', 'CTK']
['ultiledger', 'ULT']
['bora', 'BORA']
['groestlcoin', 'GRS']
['salt', 'SALT']
['pivx', 'PIVX']
['nuls', 'NULS']
['aeternity', 'AE']
['robonomics-network', 'XRT']
['breezecoin', 'BRZE']
['etherisc', 'DIP']
['metal', 'MTL']
['usdx-kava', 'USDX']
['wink', 'WIN']
['0chain', 'ZCN']
['switcheo', 'SWTH']
['waltonchain', 'WTC']
['bosagora', 'BOA']
['wirex-token', 'WXT']
['zap', 'ZAP']
['flamingo', 'FLM']
['ducato-protocol-token', 'DUCATO']
['moac', 'MOAC']
['dent', 'DENT']
['hermez-network', 'HEZ']
['metaverse-dualchain-network-architecture', 'DNA']
['barnbridge', 'BOND']
['dmm-governance', 'DMG']
['lynx', 'LYNX']
['vai', 'VAI']
['suku', 'SUKU']
['asta', 'ASTA']
['audius', 'AUDIO']
['repo', 'REPO']
['octofi', 'OCTO']
['yep-coin', 'YEP']
['gxchain', 'GXC']
['ripio-credit-network', 'RCN']
['arpa-chain', 'ARPA']
['native-utility-token', 'NUT']
['grin', 'GRIN']
['ergo', 'ERG']
['cream-finance', 'CREAM']
['basic', 'BASIC']
['bella-protocol', 'BEL']
['mx-token', 'MX']
['quantum-resistant-ledger', 'QRL']
['metronome', 'MET']
['marlin', 'POND']
['dynamic-trading-rights', 'DTR']
['stormx', 'STMX']
['maximine-coin', 'MXM']
['nexus', 'NXS']
['mantra-dao', 'OM']
['nash-exchange', 'NEX']
['ecoreal-estate', 'ECOREAL']
['quantstamp', 'QSP']
['bitbook-gambling', 'BXK']
['wazirx', 'WRX']
['einsteinium', 'EMC2']
['nexalt', 'XLT']
['counos-coin', 'CCA']
['reflect-finance', 'RFI']
['dad', 'DAD']
['duckdaodime', 'DDIM']
['pirate-chain', 'ARRR']
['fc-barcelona-fan-token', 'BAR']
['galatasaray-fan-token', 'GAL']
['decentralized-vulnerability-platform', 'DVP']
['cashaa', 'CAS']
['peakdefi', 'PEAK']
['rally', 'RLY']
['idex', 'IDEX']
['huobi-pool-token', 'HPT']
['unifi-protocol-dao', 'UNFI']
['standard-tokenization-protocol', 'STPT']
['revv', 'REVV']
['klever', 'KLV']
['neutrino-system-base-token', 'NSBT']
['microbitcoin', 'MBC']
['invictus-hyperion-fund', 'IHF']
['12ships', 'TSHP']
['nectar', 'NEC']
['steem-dollars', 'SBD']
['dusk-network', 'DUSK']
['sparkpoint', 'SRK']
['airswap', 'AST']
['agavecoin', 'AGVC']
['tokenlon-network-token', 'LON']
['crpt', 'CRPT']
['gas', 'GAS']
['seigniorage-shares', 'SHARE']
['boringdao', 'BOR']
['wixlar', 'WIX']
['zenon', 'ZNN']
['rsk-smart-bitcoin', 'RBTC']
['obyte', 'GBYTE']
['wom-protocol', 'WOM']
['nebulas-token', 'NAS']
['karatgold-coin', 'KBC']
['zynecoin', 'ZYN']
['contentos', 'COS']
['xensor', 'XSR']
['spacechain', 'SPC']
['aurora', 'AOA']
['dforce', 'DF']
['global-digital-content', 'GDC']
['perlin', 'PERL']
['gemini-dollar', 'GUSD']
['dock', 'DOCK']
['frontier', 'FRONT']
['function-x', 'FX']
['newscrypto', 'NWC']
['nervenetwork', 'NVT']
['fio-protocol', 'FIO']
['youcash', 'YOUC']
['1sg', '1SG']
['universa', 'UTNP']
['drep', 'DREP']
['dragonchain', 'DRGN']
['oraichain-token', 'ORAI']
['leverj-gluon', 'L2']
['veruscoin', 'VRSC']
['vestchain', 'VEST']
['nkn', 'NKN']
['leverj', 'LEV']
['bonfida', 'FIDA']
['usdj', 'USDJ']
['prometeus', 'PROM']
['88mph', 'MPH']
['neblio', 'NEBL']
['inflationcoin', 'IFLT']
['prizm', 'PZM']
['measurable-data-token', 'MDT']
['bigone-token', 'ONE']
['spartan-protocol', 'SPARTA']
['cindicator', 'CND']
['next', 'NET']
['aladdin', 'ADN']
['dodo', 'DODO']
['platincoin', 'PLC']
['props', 'PROPS']
['monolith', 'TKN']
['wing', 'WING']
['bounce-token', 'BOT']
['erc20', 'ERC20']
['sirin-labs-token', 'SRN']
['refereum', 'RFR']
['spendcoin', 'SPND']
['molecular-future', 'MOF']
['king-dag', 'KDAG']
['chromia', 'CHR']
['beowulf', 'BWF']
['anchor-neural-world', 'ANW']
['agoras-tokens', 'AGRS']
['keeperdao', 'ROOK']
['nav-coin', 'NAV']
['menapay', 'MPAY']
['firstblood', '1ST']
['bitforex-token', 'BF']
['carry', 'CRE']
['project-pai', 'PAI']
['bitcoinhd', 'BHD']
['atomic-wallet-coin', 'AWC']
['qash', 'QASH']
['aergo', 'AERGO']
['bitkan', 'KAN']
['degenerator-meme', 'MEME']
['truechain', 'TRUE']
['everycoin', 'EVY']
['apollo-currency', 'APL']
['statera', 'STA']
['beefy-finance', 'BIFI']
['iqeon', 'IQN']
['cartesi', 'CTSI']
['bhp-coin', 'BHP']
['endor-protocol', 'EDR']
['general-attention-currency', 'XAC']
['juventus-fan-token', 'JUV']
['contracoin', 'CTCN']
['factom', 'FCT']
['latoken', 'LA']
['paris-saint-germain-fan-token', 'PSG']
['ghostprism', 'GHOST']
['nxt', 'NXT']
['ost', 'OST']
['milk-alliance', 'MLK']
['powerpool', 'CVP']
['incent', 'INCNT']
['insure', 'SURE']
['dexe', 'DEXE']
['polybius', 'PLBT']
['dkargo', 'DKA']
['aga', 'AGA']
['davinci-coin', 'DAC']
['unobtanium', 'UNO']
['namecoin', 'NMC']
['vertcoin', 'VTC']
['presearch', 'PRE']
['genesis-vision', 'GVT']
['dmarket', 'DMT']
['salus', 'SLS']
['medibloc', 'MED']
['aleph-im', 'ALEPH']
['zbg-token', 'ZT']
['gocrypto-token', 'GOC']
['moviebloc', 'MBL']
['digitalbits', 'XDB']
['hunt', 'HUNT']
['dex', 'DEX']
['sentinel-protocol', 'UPP']
['emirex-token', 'EMRX']
['raiden-network-token', 'RDN']
['conun', 'CON']
['tachyon-protocol', 'IPX']
['skycoin', 'SKY']
['morpheus-labs', 'MITX']
['dextools', 'DEXT']
['proton', 'XPR']
['moeda-loyalty-points', 'MDA']
['gem-exchange-and-trading', 'GXT']
['lcx', 'LCX']
['moss-coin', 'MOC']
['vite', 'VITE']
['crypto-village-accelerator', 'CVA']
['platoncoin', 'PLTC']
['bitcoin2', 'BTC2']
['hakka-finance', 'HAKKA']
['metadium', 'META']
['dinastycoin', 'DCY']
['arcblock', 'ABT']
['anchor', 'ANCT']
['smartofgiving', 'AOG']
['maro', 'MARO']
['hashgard', 'GARD']
['peercoin', 'PPC']
['mithril', 'MITH']
['aavegotchi', 'GHST']
['yfdai-finance', 'YF-DAI']
['bit-z-token', 'BZ']
['render-token', 'RNDR']
['constellation', 'DAG']
['shopping', 'SPI']
['animalgo', 'GOM2']
['oax', 'OAX']
['phoenix-global', 'PHB']
['sentinel', 'SENT']
['powertrade-fuel', 'PTF']
['satt', 'SATT']
['rigoblock', 'GRG']
['blocknet', 'BLOCK']
['telos', 'TLOS']
['fusion', 'FSN']
['piedao-dough-v2', 'DOUGH']
['trade-token-x', 'TIOX']
['vidy', 'VIDY']
['ilcoin', 'ILC']
['dynamic', 'DYN']
['ruff', 'RUFF']
['biki', 'BIKI']
['dos-network', 'DOS']
['likecoin', 'LIKE']
['metaverse', 'ETP']
['cybermiles', 'CMT']
['pnetwork', 'PNT']
['coinex-token', 'CET']
['rchain', 'REV']
['selfkey', 'KEY']
['map-protocol', 'MAP']
['observer', 'OBSR']
['fibos', 'FO']
['linkeye', 'LET']
['pac-global', 'PAC']
['fnb-protocol', 'FNB']
['lockchain', 'LOC']
['gochain', 'GO']
['kcash', 'KCASH']
['kadena', 'KDA']
['pixel', 'PXL']
['egoras-dollar', 'EUSD']
['time-new-bank', 'TNB']
['gala', 'GALA']
['tap', 'XTP']
['crust', 'CRU']
['wabi', 'WABI']
['sentivate', 'SNTVT']
['triumphx', 'TRIX']
['appcoins', 'APPC']
['amo-coin', 'AMO']
['wowbit', 'WWB']
['metahash', 'MHC']
['s4fe', 'S4F']
['jewel', 'JWL']
['firmachain', 'FCT']
['cwv-chain', 'CWV']
['eccoin', 'ECC']
['viacoin', 'VIA']
['everus', 'EVR']
['atari-token', 'ATRI']
['high-performance-blockchain', 'HPB']
['symverse', 'SYM']
['dawn-protocol', 'DAWN']
['ebtcnew', 'EBTC']
['cobak-token', 'CBK']
['content-value-network', 'CVNT']
['videocoin', 'VID']
['aryacoin', 'AYA']
['playfuel', 'PLF']
['burger-swap', 'BURGER']
['quiztok', 'QTCON']
['tenx', 'PAY']
['foam', 'FOAM']
['amber', 'AMB']
['quickx-protocol', 'QCX']
['polis', 'POLIS']
['jd-coin', 'JDC']
['jibrel-network', 'JNT']
['thorenext', 'THX']
['gulden', 'NLG']
['the-force-protocol', 'FOR']
['wepower', 'WPR']
['trustverse', 'TRV']
['swerve', 'SWRV']
['seele', 'SEELE']
['mixmarvel', 'MIX']
['ubiq', 'UBQ']
['kryll', 'KRL']
['vnx-exchange', 'VNXLU']
['tokenclub', 'TCT']
['lightning-bitcoin', 'LBTC']
['olive', 'OLE']
['origin-dollar', 'OUSD']
['tokamak-network', 'TON']
['everex', 'EVX']
['aen-smart-token', 'AENS']
['dsla-protocol', 'DSLA']
['pchain', 'PI']
['level01', 'LVX']
['apix', 'APIX']
['liquid-apps', 'DAPP']
['grid', 'GRID']
['aragon-court', 'ANJ']
['cryptocean', 'CRON']
['levolution', 'LEVL']
['dero', 'DERO']
['yield-app', 'YLD']
['dragon-coins', 'DRG']
['bread', 'BRD']
['gamecredits', 'GAME']
['orient-walt', 'HTDF']
['xio', 'XIO']
['minter-network', 'BIP']
['elysia', 'EL']
['nestree', 'EGG']
['nucleus-vision', 'NCASH']
['eminer', 'EM']
['clams', 'CLAM']
['wagerr', 'WGR']
['achain', 'ACT']
['poa', 'POA']
['inlock', 'ILK']
['bizzcoin', 'BIZZ']
['phantasma', 'SOUL']
['digital-asset-guarantee-token', 'DAGT']
['dragonvein', 'DVC']
['veros', 'VRS']
['valobit', 'VBIT']
['penta', 'PNT']
['burst', 'BURST']
['atletico-de-madrid-fan-token', 'ATM']
['humanscape', 'HUM']
['buysell', 'BULL']
['newton', 'NEW']
['dimecoin', 'DIME']
['propy', 'PRO']
['mirrored-apple', 'mAAPL']
['particl', 'PART']
['suncontract', 'SNC']
['vndc', 'VNDC']
['effect-ai', 'EFX']
['vibe', 'VIBE']
['realio-network', 'RIO']
['tronclassic', 'TRXC']
['playchip', 'PLA']
['blox', 'CDT']
['apy-finance', 'APY']
['euno', 'EUNO']
['darwinia-commitment-token', 'KTON']
['top', 'TOP']
['elamachain', 'ELAMA']
['metrix-coin', 'MRX']
['lgo-token', 'LGO']
['hedget', 'HGET']
['aitra', 'AITRA']
['free-tool-box-coin', 'FTB']
['zeon', 'ZEON']
['lukso', 'LYXe']
['smartcash', 'SMART']
['mobius', 'MOBI']
['covesting', 'COV']
['gleec', 'GLEEC']
['precium', 'PCM']
['pillar', 'PLR']
['mirrored-tesla', 'mTSLA']
['proximax', 'XPX']
['tokenomy', 'TEN']
['zimbocash', 'ZASH']
['rubycoin', 'RBY']
['wootrade', 'WOO']
['voisecom', 'VOISE']
['safe-haven', 'SHA']
['hackenai', 'HAI']
['esportbits', 'HLT']
['cryptoping', 'PING']
['pumapay', 'PMA']
['og-fan-token', 'OG']
['shift', 'SHIFT']
['yoyow', 'YOYOW']
['temco', 'TEMCO']
['blockv', 'VEE']
['cryptopay', 'CPAY']
['cononchain', 'CZR']
['defi-yield-protocol', 'DYP']
['blocery', 'BLY']
['monero-classic', 'XMC']
['weshow-token', 'WET']
['as-roma-fan-token', 'ASR']
['diamond-platform-token', 'DPT']
['justliquidity', 'JUL']
['uca-coin', 'UCA']
['fabrk', 'FAB']
['digitex-city', 'DGTX']
['42-coin', '42']
['daostack', 'GEN']
['bibox-token', 'BIX']
['decentrahub-coin', 'DCNTR']
['alpha-quark-token', 'AQT']
['unitrade', 'TRADE']
['carboncoin', 'CARBON']
['veriblock', 'VBK']
['deapcoin', 'DEP']
['diamond', 'DMD']
['fleta', 'FLETA']
['idle', 'IDLE']
['santiment', 'SAN']
['ndex', 'NDX']
['bitmart-token', 'BMX']
['dentacoin', 'DCN']
['geodb', 'GEO']
['geeq', 'GEEQ']
['roobee', 'ROOBEE']
['digitalnote', 'XDN']
['uttoken', 'UTT']
['iot-chain', 'ITC']
['otocash', 'OTO']
['gaps', 'GAP']
['hold', 'HOLD']
['cutcoin', 'CUT']
['multiplier', 'MXX']
['valor-token', 'VALOR']
['apm-coin', 'APM']
['suterusu', 'SUTER']
['btse', 'BTSE']
['bnktothefuture', 'BFT']
['ternio', 'TERN']
['agrello-delta', 'DLT']
['bitcny', 'BITCNY']
['unilend', 'UFT']
['neumark', 'NEU']
['mettalex', 'MTLX']
['folgory-coin', 'FLG']
['noku', 'NOKU']
['swingby', 'SWINGBY']
['qlink', 'QLC']
['ring-x-platform', 'RINGX']
['odem', 'ODE']
['all-sports', 'SOC']
['backpacker-coin', 'BPC']
['litecoin-cash', 'LCC']
['dforce-usdx', 'USDX']
['etheroll', 'DICE']
['usdq', 'USDQ']
['mysterium', 'MYST']
['aidus-token', 'AIDUS']
['stakecubecoin', 'SCC']
['mir-coin', 'MIR']
['growthdefi', 'GRO']
['data', 'DTA']
['callisto-network', 'CLO']
['alchemy-pay', 'ACH']
['jobchain', 'JOB']
['free-coin', 'FREE']
['casinocoin', 'CSC']
['digix-gold-token', 'DGX']
['fatcoin', 'FAT']
['blockstamp', 'BST']
['polyswarm', 'NCT']
['mirrored-amazon', 'mAMZN']
['colossusxt', 'COLX']
['mirrored-invesco-qqq-trust', 'mQQQ']
['t-os', 'TOSC']
['hydro-protocol', 'HOT']
['senso', 'SENSO']
['cardstack', 'CARD']
['emercoin', 'EMC']
['counterparty', 'XCP']
['veridocglobal', 'VDG']
['nexty', 'NTY']
['stablexswap', 'STAX']
['dollars', 'USDX']
['viberate', 'VIB']
['polyient-games-governance-token', 'PGT']
['tixl-old', 'MTXLT']
['casino-betting-coin', 'CBC']
['qubitica', 'QBIT']
['nsure-network', 'NSURE']
['mirrored-microsoft', 'mMSFT']
['nubits', 'USNBT']
['safe', 'SAFE']
['indahash', 'IDH']
['get-protocol', 'GET']
['rapidz', 'RPZX']
['trittium', 'TRTT']
['mirrored-ishares-gold-trust', 'mIAU']
['quasarcoin', 'QAC']
['mirrored-netflix', 'mNFLX']
['qredit', 'XQR']
['monetha', 'MTH']
['zano', 'ZANO']
['bitcore', 'BTX']
['sonm', 'SNM']
['infinity-esaham', 'INFS']
['mirrored-united-states-oil-fund', 'mUSO']
['gridcoin', 'GRC']
['singulardtv', 'SNGLS']
['abyss', 'ABYSS']
['pluton', 'PLU']
['mirrored-alibaba', 'mBABA']
['game', 'GTC']
['bitgreen', 'BITG']
['fyeth-finance', 'YETH']
['mirrored-ishares-silver-trust', 'mSLV']
['smartlands-network', 'SLT']
['naga', 'NGC']
['smartmesh', 'SMT']
['opendao', 'OPEN']
['lykke', 'LKK']
['baasid', 'BAAS']
['block-chain-com', 'BC']
['te-food', 'TONE']
['bolt', 'BOLT']
['swftcoin', 'SWFTC']
['spectre-dividend', 'SXDT']
['sonocoin', 'SONO']
['somesing', 'SSX']
['mirrored-twitter', 'mTWTR']
['scprime', 'SCP']
['infinitecoin', 'IFC']
['oneroot-network', 'RNT']
['medishares', 'MDS']
['myriad', 'XMY']
['swace', 'SWACE']
['decoin', 'DTEP']
['atlas-protocol', 'ATP']
['remme', 'REM']
['multi-channel-influencer-creater-cloud-funding-platform', 'MCI']
['budbo', 'BUBO']
['hycon', 'HYC']
['napoleonx', 'NPX']
['peculium', 'PCL']
['tixl-new', 'TXL']
['smart-mfg', 'MFG']
['insights-network', 'INSTAR']
['rupiah-token', 'IDRT']
['potcoin', 'POT']
['deeponion', 'ONION']
['bezant', 'BZNT']
['you-coin', 'YOU']
['parachute', 'PAR']
['cpchain', 'CPC']
['pibble', 'PIB']
['matrix-ai-network', 'MAN']
['idena', 'IDNA']
['carvertical', 'CV']
['six', 'SIX']
['qitmeer', 'PMEER']
['dejave', 'DJV']
['prosper', 'PROS']
['troneuroperewardcoin', 'TERC']
['bismuth', 'BIS']
['xmax', 'XMX']
['mirrored-proshares-vix-short-term-futures-etf', 'mVIXY']
['vnt-chain', 'VNT']
['hyperdao', 'HDAO']
['xyo', 'XYO']
['nix', 'NIX']
['offshift', 'XFT']
['spiking', 'SPIKE']
['chronocoin', 'CRN']
['hyprr', 'UDOO']
['bitrue-coin', 'BTR']
['nexxo', 'NEXXO']
['feathercoin', 'FTC']
['aeon', 'AEON']
['traceability-chain', 'TAC']
['kira-network', 'KEX']
['earneo', 'RNO']
['airbloc', 'ABL']
['royale-finance', 'ROYA']
['iethereum', 'IETH']
['flash', 'FLASH']
['toacoin', 'TOA']
['lamden', 'TAU']
['finnexus', 'FNX']
['kubocoin', 'KUBO']
['bux-token', 'BUX']
['lighthouse-token', 'LHT']
['genaro-network', 'GNX']
['unlimitedip', 'UIP']
['e-gulden', 'EFL']
['ugas', 'UGAS']
['minereum', 'MNE']
['meridian-network', 'LOCK']
['jarvis-network', 'JRT']
['tripio', 'TRIO']
['mooncoin', 'MOON']
['ormeus-cash', 'OMC']
